tempo,chroma_mean,spectral_centroid,mfcc_1,mfcc_2,mfcc_3,mfcc_4,mfcc_5,mfcc_6,mfcc_7,mfcc_8,mfcc_9,mfcc_10,mfcc_11,mfcc_12,mfcc_13,filename,label,cluster
123.046875,0.50659364,2718.14953255828,-181.18803,50.818577,32.253418,28.63765,16.016954,22.545498,11.370345,10.898908,3.8982213,8.90615,4.651443,4.286256,0.06640058,The Candy Dealers - Stepping Out Frankie J.mp3,Favorites,3
123.046875,0.55228806,2540.794421675635,-101.965675,65.68967,22.563013,38.16057,10.262081,8.925163,-7.427041,5.1188083,-4.7932706,0.46546224,-3.9859488,5.4093537,6.359,Kevin McKay - The Oooh Song (Original Mix) [ClapCrate.com].mp3,Favorites,0
123.046875,0.6157377,3269.4384617745195,-126.03253,36.600433,-7.8204904,14.727796,-2.2432804,5.306447,-4.0480027,1.0548294,-7.4955463,-2.370978,-5.24391,1.1784332,-2.4131227,Mario Cruz - Hiroshima (Ben Delay Remix) [ClapCrate.com].mp3,Favorites,1
123.046875,0.55102825,3004.853157335036,-88.89738,46.80657,26.739569,30.47623,10.582335,34.048637,14.536156,14.547944,8.339736,17.34871,6.4892516,7.3739753,1.01946,"Abm - 5dfc2b3f-8d49-41b5-b685-b5f7b7978b35 - Ridney, Husky, XIRA - You Ain-t Breakin- My Heart (Husky-s VIP Extended Club Mix).m4a",Favorites,3
63.02400915,0.57698303,3637.875451096109,-163.2679,24.967659,11.268069,13.171885,17.47825,15.834491,10.942344,8.224035,3.6190534,5.561418,4.8866,0.8453605,7.872557,Funky Trunkers - Soul Power (Original Mix).mp3,Favorites,2
123.046875,0.62951833,3420.7160653579976,-141.34657,29.76203,18.119776,13.709837,8.6768055,18.594902,7.396532,11.792993,4.273501,9.011055,2.500786,8.252363,3.650532,Dale Move - Funky Bass Town (Extended Mix).mp3,Favorites,1
83.35433468,0.554181,3570.837990933705,-110.97317,24.913746,-12.9973755,4.827634,-16.72024,-2.3104935,-14.223353,-6.7780786,-14.897557,-5.5702014,-11.520689,-5.71374,-10.692867,Qubiko - Closer (Original Mix).mp3,Favorites,2
123.046875,0.6101074,3643.799775362376,-179.21657,30.772736,5.2307568,21.093748,8.124376,9.833389,2.76997,8.616789,-0.41394752,8.056909,2.2810795,4.068983,2.577372,Inland Knights and Larry Fives feat Nica Brooke - Sticky Fingers (Inland Knights - Another Way).mp3,Favorites,2
123.046875,0.49121237,2951.942729150925,-138.17412,64.72676,28.390533,21.130957,-3.8807185,2.63365,-8.465221,1.5307643,-7.0981636,0.9265385,-1.741053,3.8715632,-0.7943839,Rucks - Find Someone.mp3,Favorites,3
123.046875,0.6066113,3024.280337698317,-86.75252,57.111553,1.0367897,11.642251,-10.580754,8.982832,-3.5907972,2.873371,-2.9871075,3.9030795,-0.33152464,3.3087125,-2.3019018,Per QX - I Know You Care (Original).mp3,Favorites,1
129.19921875,0.63672554,3737.061916924784,-160.40497,15.198408,-12.494417,1.1344784,-0.4768707,7.536382,3.649761,10.265193,5.249987,7.5559983,2.9419649,5.9452662,4.0429053,Mr. Rich - Keep On... (Respect to the RM Mix).mp3,Favorites,2
123.046875,0.5649601,2730.1713584399345,-112.177704,59.495342,9.331319,26.66395,10.384825,11.492492,-1.0202134,7.3597264,0.6285344,3.254436,-0.06375255,5.196009,0.6202456,Matt Mason - Complete Control - Sugar Shack - Mastered.mp3,Favorites,3
123.046875,0.60989743,3292.8943595233063,-103.03007,32.796562,24.3209,18.480545,11.330575,22.260738,2.6341805,12.690652,7.0329,7.06443,1.3142678,8.378583,0.705439,"Ebm - 7b0c6980-af90-4778-8276-6b19c7a596e0 - Artful, Ridney, Terri Walker, Michael Gray - Missing You (Michael Gray Remix).m4a",Favorites,1
86.1328125,0.51600707,3778.128821755234,-155.30116,33.128952,37.428402,21.720556,4.2674656,15.259837,-3.7622418,1.1710811,-2.7795186,-1.6963817,-0.72379524,0.7016537,-1.2522631,Scott Morter - Holding On (Orignal Mix)  Master.mp3,Favorites,2
123.046875,0.5449086,3663.862745023213,-120.84357,8.65038,37.54959,36.521175,14.730841,17.942923,2.4212232,10.748176,1.7223947,10.626902,-2.2994466,5.97412,0.7599399,Chocolate Dice - I'm An Addict (4 Ur Love) (Original Mix) [ClapCrate.com].mp3,Favorites,2
123.046875,0.5648482,2982.651412797205,-119.24564,57.3428,13.666855,22.040731,2.8350422,10.510716,-1.1267242,0.8613446,-5.663492,-1.0183008,-5.543452,-1.8056821,-6.228121,"Mirko - Meex, Qubiko - Take Me Away (Qubiko Extended Remix).mp3",Favorites,3
123.046875,0.6287475,2917.3553709461444,-183.19186,33.391407,34.866978,36.382046,25.001442,25.53164,16.208641,17.692911,12.671441,12.350883,9.9406185,8.41324,6.36858,"Ziggy Funk, Taliwa - Everyday (Yass Classic .mp3",Favorites,3
123.046875,0.6016056,3271.243112948415,-87.82783,35.17823,-0.7235398,16.184246,-7.821537,13.051026,-6.141566,0.17968524,-6.127019,0.319225,-3.265037,1.0830821,-5.000743,Paco Caniza - What You Want (Original Mix).mp3,Favorites,1
63.02400915,0.61015797,2679.1184106963337,-156.6983,50.956017,15.525903,40.846466,14.634173,23.13544,4.846514,12.4779625,0.2972227,9.533151,3.2970972,7.967701,3.991324,Around The Bane (Noir Mashup Treatment).mp3,Favorites,3
123.046875,0.48733643,3483.1022952803564,-34.93458,45.303352,25.526615,27.267385,9.469204,14.574651,-0.8373528,3.9278855,-5.1969213,0.92901367,-5.8291116,-0.61412716,-6.870374,Jorge Montia - My Feelings.mp3,Favorites,1
123.046875,0.47880343,2916.285255705423,-148.21251,59.862694,-16.233032,8.274505,-5.642166,-0.6921962,-15.896625,-7.4672866,-9.688283,-0.80880976,-6.343144,-1.9826828,-9.2620125,"partywithray, ZHU, Golf Clap - Lil Mama (Golf Clap Remix).mp3",Favorites,3
123.046875,0.47051215,2782.954964400317,-68.53923,74.08377,-22.177671,-0.33331993,-24.652449,-9.957714,-13.154725,-15.418477,-14.886677,-6.528495,-19.009087,-9.221,-12.477124,Korqi - Feeling (Original Mix).mp3,Favorites,3
123.046875,0.5475744,3408.402627947854,-166.50394,23.747643,13.579141,37.06526,5.6286907,17.939045,-4.4188423,8.036778,1.3067552,4.01284,-2.9828587,1.9593838,-1.8750507,Rhythm Collect - For You.mp3,Favorites,1
123.046875,0.5272984,3154.7558389119376,-163.2105,45.333218,-9.192294,10.103862,-3.328488,4.799337,-4.3663025,-1.3059369,-4.913667,0.952598,-4.3983874,-1.0649592,-4.4455175,Giom - Red Light (Deep Active Sound Remix).mp3,Favorites,1
123.046875,0.6326655,2610.854111381301,-209.20892,29.082207,16.919582,47.81742,17.239632,24.54209,13.506352,17.31703,9.198394,13.846175,7.3097773,10.012357,5.0198793,Black Loops - No Questions (Original Mix) [quality-dance-music.com].mp3,Favorites,3
123.046875,0.62091595,3046.6135117170425,-118.61557,42.937984,16.473022,26.50584,5.570789,15.276957,7.330379,10.556202,-1.841784,4.687549,2.1672177,4.0025406,-0.54816025,"Seb Skalski, Rona Ray - Toni-s Groove (Extended Mix).mp3",Favorites,1
123.046875,0.56114763,3220.4961469913874,-87.85667,49.078815,-7.034017,-1.9554046,-14.527189,10.449178,-10.556607,4.4209757,-4.4081225,8.445638,2.4876933,3.4249113,0.09382318,"Gianni Bini, Liz Hill - Groove Is in the Heart (Original Dee-Booty Mix).mp3",Favorites,1
123.046875,0.46924573,2281.830824105031,-225.53775,73.45982,5.782035,24.134243,0.089400254,8.742624,0.9700676,1.7089617,-0.3956721,0.86321646,-5.128769,-0.99368846,-2.0478957,04 RUNNIN AROUND.m4a,Favorites,0
123.046875,0.6033998,2842.708524352496,-149.22763,50.347107,-2.2710173,16.996407,0.043311153,10.408941,4.071146,13.642857,3.6410263,8.28456,0.88012147,4.9222364,0.2007196,Format B - Atomizer (Sebastien Leger Remix) [www.whatDjplays.com].mp3,Favorites,3
123.046875,0.5552034,2338.561072270748,-164.36856,66.79366,36.095463,37.793587,20.402996,23.342693,9.191373,12.034602,9.732372,13.487193,4.3014345,6.9282875,1.8661141,"051.Green Velvet, Riva Starr - Robots (Weiss Remix).mp3",Favorites,0
123.046875,0.616677,2662.801774385188,-268.01343,27.63753,16.36606,26.537012,14.189003,23.525837,14.754904,19.04663,12.448363,13.738798,7.630463,11.724987,7.0014777,Sonic Future - What You Gonna Do (Christian Alvarez Backspin Mix) (www.MusicDjsMp3.com).mp3,Favorites,3
129.19921875,0.3046655,2409.6855143159983,-141.32144,80.88105,-30.209558,21.425873,2.357042,9.102495,-6.7782173,0.52745867,-1.4904137,-6.6316385,-11.410073,-2.824125,2.25857,The Supermen Lovers - Starlight_www.clubkings.eu.mp3,Favorites,0
123.046875,0.61650187,3714.361943708325,-213.8421,33.622906,25.01175,14.895776,3.7110517,13.141348,-0.62320906,6.3701777,-0.01849932,2.6147344,-2.955891,1.3271329,-2.5844617,01 MAke me feel so good.mp3,Favorites,2
123.046875,0.5985572,3355.6785708280504,-121.109,26.31792,-2.4978502,13.757528,-0.29872704,14.641268,-0.45245618,6.5138655,-1.1450461,3.0119855,-2.6005216,3.6653802,-2.0810754,"Dennis Ferrer, DJ Kone - Marc Palacios - Church Lady (Unreleased DJ Kone - Marc Palacios Remix).mp3",Favorites,1
129.19921875,0.57981986,3229.2092387423486,-131.93532,33.566383,35.517178,31.731373,14.757836,14.62134,7.021221,10.316659,3.8195186,6.659003,3.1228485,5.1853027,0.9694002,Rober Gaez - Make Me Love You %28Original Mix%29 %28BacauHouseMafia.Ro%29.mp3,Favorites,1
123.046875,0.5801004,1986.5362535965653,-159.84247,90.484886,25.65397,39.480595,6.60736,20.370186,2.5206275,8.193084,-0.14453635,6.8862166,-0.3229555,3.7607021,0.22877352,15 Wilder Side feat. Candi Staton (Tong & Rogers Wonderland Mix).mp3,Favorites,0
123.046875,0.5284027,2486.587135579538,-172.12863,62.49221,17.34285,22.997744,8.856243,18.80457,9.9216585,7.6071362,1.2810146,3.847112,1.0044401,4.8122463,1.425939,Yousef - Beg - (Hot Since 82-Future Mix).mp3,Favorites,0
123.046875,0.6187839,3807.040665452195,-142.97534,10.1073,12.58758,17.203648,-0.3274574,18.03309,4.7148128,8.507699,3.6159153,9.058623,2.605696,3.9639409,-3.9463904,"Dzialach, Haade - My House (Original Mix).mp3",Favorites,2
123.046875,0.57606363,3887.387889510178,-84.95956,23.721481,34.40958,36.313934,16.762043,15.774566,1.0242712,11.135814,0.72048736,3.5138018,-2.2246263,2.5337787,-0.950949,02 Shot You Down.mp3,Favorites,2
123.046875,0.49088314,2902.492142472406,-145.5932,48.744198,36.154934,39.897995,16.482935,15.345398,5.159501,9.553933,-5.7230396,0.89744943,-10.106877,-5.171882,-6.2204127,"John Moss, Juliet Fox - Realize (Original Mi.mp3",Favorites,3
123.046875,0.58678865,4044.674361490882,-80.72111,20.26881,3.3092022,24.812498,-2.7568064,3.490348,-8.806172,0.40485087,-7.114299,-2.931959,-8.758729,-3.0993595,-7.824491,Roter & Lewis - Get Out Of My Life.mp3,Favorites,2
123.046875,0.54244983,3234.479244066862,-143.49976,39.5473,8.29909,17.992847,-0.57534045,11.548196,-1.5324323,5.2212563,-3.9035895,3.3213472,-5.2793565,-0.56805253,-5.015601,Bante - Too Far Gone (Original Mix).mp3,Favorites,1
123.046875,0.4710573,2656.647588146886,-221.04283,65.6262,35.314484,19.736128,5.067586,15.112248,3.1791322,1.3817607,0.5747222,3.3948998,2.4612415,7.9399285,7.769685,"Ashmere, Elisabeth - And In Time (Mattei & Omich Remix) [ClapCrate.com].mp3",Favorites,3
123.046875,0.614838,3869.292515411409,-136.72676,15.952745,1.2021711,4.5358624,-6.3704557,4.9406238,-8.116526,1.4139695,-4.6650105,0.71814984,-7.818588,-2.1829252,-6.1948953,"Smokin Jo, James Hurr, Stealth - Beggin- For Change (Extended Mix).mp3",Favorites,2
123.046875,0.50216734,2878.403947760098,-115.65761,48.983063,28.772573,15.737906,-3.7800882,11.5097685,-7.223806,3.621695,-0.3279126,7.9706,-0.5359835,3.242139,-4.1635747,Anfunk - Don't You (Original Mix).mp3,Favorites,3
123.046875,0.47563413,4293.006046652742,-198.58392,2.902327,34.456234,23.994202,16.78185,13.643588,6.80179,12.344495,1.0520277,10.929023,0.35549888,0.91577363,7.2851458,"Man Without A Clue, Lee Wilson - Do You Dance (Extended Mix) [ClapCrate.me].mp3",Favorites,2
123.046875,0.5725054,3170.789698721423,-163.7821,35.79378,-6.6349688,23.594343,5.7925925,15.6305,5.3828936,8.612739,5.8113055,13.220673,4.59749,7.3796773,2.006842,Roland Nights - Let It Rain.mp3,Favorites,1
123.046875,0.5191164,1545.5812097713592,-216.60483,105.31301,-8.414072,-0.738671,7.538922,10.532454,-2.9566302,4.5016093,8.273786,7.4083734,-0.77277875,2.7645845,6.141192,03 JaMON w_hot on street.mp3,Favorites,4
61.5234375,0.61486465,3674.092573909945,-123.04301,30.66395,26.679531,23.329298,11.685048,13.248461,2.3020415,9.600781,-2.4556653,3.7215047,-1.4386578,2.4002888,0.46758702,Steve Mill - Side To Side (Original Mix) [Large Music].mp3,Favorites,2
123.046875,0.505774,2533.431661505465,-172.14801,65.796135,-3.405878,13.384451,-12.437367,6.1870093,2.4969962,7.034446,2.2314885,7.6048574,5.7640796,4.9998865,4.784916,Kinky Movement - So Different [Guesthouse] exclusivesource4dj.com.mp3,Favorites,0
123.046875,0.6357462,3366.56579645357,-106.90076,20.437328,-5.5093603,22.992926,1.1941183,17.686295,4.274484,8.94739,2.6262248,8.699589,1.4567481,7.149635,2.704614,"Made By Pete, Penny F - Our Story (Pete's Dub Mix) [quality dance music].mp3",Favorites,1
123.046875,0.46927997,2284.2742177544205,-227.65674,73.721794,6.102298,24.091253,0.17535684,8.7106495,1.0851293,1.6000007,-0.33100602,0.81204337,-5.1471624,-1.0052435,-2.024658,04 late sax funky #.mp3,Favorites,0
123.046875,0.52299917,1884.1917525903943,-231.21217,78.32714,33.230957,21.537943,11.555133,15.202309,7.614963,7.3129005,1.2667876,2.901982,-2.154971,-1.1818053,-4.224722,12A-Seba Lecompte - Love Connection (Phasen .mp3,Favorites,0
123.046875,0.6546711,2809.0258588859347,-137.20715,47.65901,13.12546,25.96042,20.59076,22.197601,11.684886,9.368432,7.6209674,13.268615,7.9530163,10.662439,5.2848244,"Joeski, Lady Life - BadBoyzz (Original mix).mp3",Favorites,3
123.046875,0.38019195,2156.9983144495723,-144.17593,94.62851,22.585518,19.854408,7.3518662,21.940037,7.0349083,8.115175,-6.2354546,3.4558816,4.845121,11.548265,6.519188,Maya Jane Coles - What They Say.mp3,Favorites,0
123.046875,0.5513673,3030.8959744239232,-83.6794,55.29051,15.163128,16.718462,9.435738,18.12792,5.2990804,10.437436,1.4674425,6.0503974,-3.6425962,3.3997803,-2.9015234,Paco Caniza - Had Enough (Original Mix).mp3,Favorites,1
123.046875,0.56405884,3585.9022570086627,-167.86905,15.867668,26.81842,33.942883,6.3869367,23.502748,3.5038772,8.659009,-1.1980776,0.7088278,0.17647673,3.4172628,-3.3323643,10 CMAVS SETTLE DOWN.mp3,Favorites,2
123.046875,0.57097816,2698.56684795942,-190.36356,52.134964,37.56462,17.433578,10.753188,25.452436,4.633978,18.437532,10.81499,13.829179,7.3069005,10.282583,1.6011184,Lei - On The Light (Original Mix).mp3,Favorites,3
123.046875,0.5921063,2856.951420442768,-117.30944,65.35054,22.571548,23.608774,1.8593115,25.997055,6.281398,14.788969,8.82226,7.47097,3.6481178,9.197742,1.8415644,"Defex, blondewearingblack - We Are The Beat (Original Mix).mp3",Favorites,3
123.046875,0.539264,2745.0832383674538,-287.2389,50.98989,17.057446,16.742678,8.4611025,16.568974,3.8077672,9.877105,5.124906,8.498555,-1.5234885,1.3200908,-2.064088,SEE THE STARS.mp3,Favorites,3
129.19921875,0.5359862,2825.8515833687,-101.01994,61.823494,2.100276,20.548208,1.574369,7.249929,-6.4594297,0.35967284,-2.8226013,3.304593,1.0018269,3.9436939,-2.8589957,Sonny Fodera - Soul Good.mp3,Favorites,3
129.19921875,0.5596808,2982.087618103463,-133.56299,58.33861,9.314557,12.668834,14.38296,16.906687,-3.9066226,5.2905755,4.9119735,7.930474,-0.31997132,3.8418164,0.696894,Sleazy McQueen - Calling (Inland Knights Rem.mp3,Favorites,3
123.046875,0.5482844,3033.243438778389,-194.39122,44.456898,-2.9380724,12.275527,3.5357666,10.784092,1.070394,8.805221,2.5491712,0.8020936,-0.44085175,-1.2101392,-8.822642,Release Me feat. Lotti (Original Mix).mp3,Favorites,1
123.046875,0.4320084,1049.4250775634753,-290.23386,93.42132,50.216717,36.572235,30.583416,27.2226,13.197806,10.47118,9.473685,10.062754,6.0914445,3.8589118,0.22559604,Collected_Works_3_(Thyladomid_-_The_Voice)-O.mp3,Favorites,4
123.046875,0.62535816,3709.592426856868,-157.003,25.729671,3.6758583,3.2337542,2.3981435,13.845041,-0.030054523,4.7159925,1.5956976,8.002597,1.6770769,6.59589,2.2805974,Long & Harris - Will She Wait (Original Mix).mp3,Favorites,2
123.046875,0.5251771,4009.912283983795,-148.10393,31.603382,28.29627,-2.861135,-7.3093586,-0.48957518,-11.912994,-5.84602,-9.233018,-4.4516063,-5.2418804,-2.4408004,-4.912214,02 horns and blaaaaa.mp3,Favorites,2
123.046875,0.5798255,3875.46861710448,-187.2612,0.05603292,31.150457,25.737362,20.552692,24.652607,7.231093,16.427265,6.7805457,7.859423,1.9117726,5.493767,0.44677946,07 old shit rainbow.mp3,Favorites,2
123.046875,0.6059945,4041.513067872129,-100.44711,3.725515,-10.756618,7.1885347,-9.151856,4.652068,-9.908157,2.7688975,-5.6599426,4.8963804,-3.9811437,2.4568553,-5.8006883,Mirko - Meex - Fallin- (Original Mix).mp3,Favorites,2
129.19921875,0.5148473,3264.663544189112,-204.79741,52.943615,27.007177,19.22793,11.669599,15.164623,1.4407014,8.841628,1.5544509,9.011768,-4.861013,3.875947,0.6544502,Ian Pooley - What's Your Number.mp3,Favorites,1
123.046875,0.53453916,2849.616429804879,-130.8659,59.554913,27.583767,24.60383,1.7840421,17.184834,0.9076633,8.262368,1.4680506,5.8627915,4.057916,5.582613,1.9550197,Lose_Myself_(Deep_Mix)-SHE004-4(320k).mp3,Favorites,3
123.046875,0.5981382,3841.8722946862126,-171.66402,-12.359331,19.662226,31.35104,4.7162457,17.294552,9.828262,14.853244,10.72998,11.809354,4.892663,10.072009,3.7238376,"Abm - a12bf64f-47c0-4050-87d5-6c8919e7ac65 - Kevin McKay, N2N, Mila Falls - Paradise (Extended ViP).m4a",Favorites,2
123.046875,0.61085206,3879.116997050213,-205.8729,0.4086268,13.859661,25.956137,4.734649,22.330889,2.5828812,21.37367,1.5557079,8.223685,0.2929566,5.002799,-4.175483,"Matt Prehn, Griffin - Dark Circles.mp3",Favorites,2
129.19921875,0.5429373,2650.3178264746216,-208.89914,44.091206,16.624697,23.936544,12.17595,14.813187,5.2971916,8.208132,6.5798388,12.636755,8.723557,10.420646,6.0392694,Sneaky Sound System - Pictures (Tonite Only .mp3,Favorites,3
123.046875,0.6126763,3108.9651256444627,-141.05536,48.58471,-1.0154638,10.329256,5.731335,18.019535,0.5251753,9.648484,-1.8456895,6.025196,2.4143581,4.421586,1.4736339,01 everybody loves you.mp3,Favorites,1
123.046875,0.58713967,3709.671662790744,-146.63104,31.32111,28.569971,24.353025,12.915724,17.240757,2.6923716,6.7704587,-1.1257819,2.604944,0.38073462,3.4797235,-2.3674762,"Ebm - 4df2296d-31b0-486e-9aeb-538fe9a6fc1d - Love Klubb, Amanda Wilson - I Won-t Wait For You (Extended Klubb Mix).m4a",Favorites,2
129.19921875,0.58269715,3354.097858573092,-104.275215,27.926304,10.5392475,23.588717,7.238991,23.13834,9.234111,13.085899,6.3200274,9.242916,2.219452,6.3647614,2.5648377,02 KEEP ON MOVING DISCO REMIX.m4a,Favorites,1
123.046875,0.461288,2519.416374679911,-233.58089,42.756577,38.20596,29.836693,28.141037,26.439112,17.321938,21.831575,12.21157,16.06671,6.63764,4.561689,5.927915,24 Gospel (Super Flu's Antichrist Remix).mp3,Favorites,0
123.046875,0.58387715,3384.9861107386228,-173.23254,45.491177,30.978104,18.679056,11.028872,19.46941,2.774796,6.9017096,3.2068925,5.0514946,-0.28122497,7.978721,0.44091052,CAndy Dealers come alive jay west .mp3,Favorites,1
123.046875,0.5468895,2699.815269786688,-154.94495,60.287636,25.986597,20.713459,11.4522,15.566142,4.199818,7.4860916,1.2554306,3.5200098,1.8029258,1.6074266,-2.7726734,"Colette, Gettoblaster - Butterflies (Rubb Sound System Remix).mp3",Favorites,3
123.046875,0.54970384,3418.769466043581,-113.13748,25.83266,17.191767,16.65505,4.091282,17.749966,0.40346676,7.075803,5.4800973,10.290894,1.5888537,2.8812158,-1.7875551,Voicemail (Original Mix) .mp3,Favorites,1
123.046875,0.41836146,3472.893555113216,-145.13832,47.52746,15.074441,15.949108,-3.6989617,2.6158917,-3.354917,2.0198452,-6.9992957,-1.9502324,-5.020766,0.7466135,-0.38368815,Greg Stainer - Back Home (Mix 1).mp3,Favorites,1
129.19921875,0.4700211,3081.7808129740524,-74.71185,56.13418,-28.399734,20.680199,0.92985,3.9220946,-12.622015,2.6822097,-9.294023,-0.4407239,-11.045,-2.8857727,-4.11748,Mighty Dub Katz - Just Another Groove.mp3,Favorites,1
123.046875,0.4726358,2807.679587142381,-185.04909,70.156845,42.65363,35.994884,19.795616,16.516151,-0.050343234,6.223634,-0.21733938,3.7093139,-6.8387237,-4.6694818,-9.8016,Juliet Fox - If You Feel.mp3,Favorites,3
129.19921875,0.46646285,3025.7147604258766,-264.4806,56.84126,47.390854,31.4565,9.158297,21.078814,5.1630297,13.839404,0.29527915,4.1020865,-4.4746857,1.2476286,-3.838964,Peter Heller - Big Love (Club Mix)_soundcloud_42144616.mp3,Favorites,3
123.046875,0.5802444,3140.721475000088,-217.99248,39.81136,-4.700008,8.293823,-4.145272,11.460056,-6.90092,4.9155474,-1.6025685,3.4266946,-3.2079053,-1.5218408,-3.2806528,Lawnchair Generals - When i think (aroma).mp3,Favorites,1
123.046875,0.5930799,3798.309092023999,-182.47098,21.413023,7.8074703,15.081801,4.2502637,10.869379,4.623493,6.2855635,-1.9463843,5.8794737,1.7378734,5.459759,1.2266322,Tom Special Interest - More & More (Original Mix).mp3,Favorites,2
123.046875,0.6148631,3387.3147443499643,-89.719406,26.189846,3.1241615,17.460728,-1.0562892,12.427407,-5.707379,0.666331,-5.8769164,3.2998927,-1.900201,3.2005136,-1.7285919,"Abyss Deep Sound Lab, Norty Cotto - It-s Just Begun (Norty Cotto Club Remix).mp3",Favorites,1
123.046875,0.51241726,2464.7161447839985,-127.06787,78.25498,40.82234,35.704235,8.07534,22.285301,11.362493,18.321608,8.967964,9.450487,-0.049204692,3.1932619,0.1913847,Mood II Swing - Do It Your Way (Strictly Chill Edit).mp3,Favorites,0
63.02400915,0.51661885,2248.6979723149834,-219.23602,74.185196,36.78219,34.57876,25.185818,28.40804,6.6721983,10.109926,-7.6978765,1.0039885,-5.9869556,-2.8478694,-6.977628,Chuggy_Lovebottoms_EP_(Lovebirds_Club_Remix)-BH-032-3(320k).mp3,Favorites,0
123.046875,0.5301302,2256.5433161092787,-310.06085,49.817814,27.04107,37.888226,13.8646555,16.805294,10.026302,8.492058,10.042543,6.893439,0.5477519,4.0794687,2.081348,01 I Wish I Could Be Beautiful (Style of Eye Remix).m4a,Favorites,0
123.046875,0.51757455,4481.183243442992,-80.29508,16.785154,26.378075,7.873737,8.91964,13.209669,0.04437303,-1.7674371,-4.515198,-0.21980605,-8.10642,-0.17184843,-8.522037,Format_B - Chunky (DJ S.K.T Remix) (DJ S.K.T Remix) [ClapCrate.com].mp3,Favorites,2
123.046875,0.4433191,2518.384454428221,-185.59262,88.67242,37.341114,15.373104,10.896208,18.43136,8.073632,2.2059963,-10.266155,-3.0832667,-2.6875536,2.1586437,-3.4650156,31 Andhim - Like A Wirsing %28Original Mix%29 - Music-For-Dj.Com.mp3,Favorites,0
123.046875,0.5716777,2993.8703368021083,-246.5594,42.91424,25.56493,23.682575,14.354815,16.850384,14.527142,16.851326,12.373125,8.991491,5.8363075,9.427089,5.3152003,06 maybe stainer_.mp3,Favorites,3
123.046875,0.45231622,2317.9907277223347,-236.73293,51.776382,22.859604,30.735865,19.447653,21.10965,5.317024,11.455278,4.7829237,4.8496943,-4.1417418,3.2816513,1.6320587,22 lazy rich.mp3,Favorites,0
123.046875,0.49157545,2249.089751879072,-190.48135,83.85635,28.415907,21.2857,5.188972,14.26492,4.7847223,9.612731,-4.2893367,1.2716086,-2.7934282,-0.09629212,-5.9561305,Jason Burns - Hold On (Original Club Mix).mp3,Favorites,0
123.046875,0.60611784,3462.471419996244,-102.50704,28.929258,8.329168,16.546885,1.6338084,14.356421,-2.123164,8.1134405,-0.4657722,4.5794325,-2.7822452,3.7786343,-2.2164156,"BenKane, Daniel Dash - Lost In My Head (Original Mix).mp3",Favorites,1
123.046875,0.59102416,1532.1455444166627,-314.8625,111.95276,45.181,13.957781,8.345582,12.401039,16.879196,17.696024,15.074595,4.748529,-3.3558822,-0.5815972,-0.33275497,09 CYCLONE REMIX!!!.mp3,Favorites,4
123.046875,0.4886345,3680.775857722367,-87.17576,25.999334,-7.840952,-0.8178779,-19.708315,-4.964538,-9.183501,-5.3979993,-13.793628,-8.569199,-9.815377,0.18667026,-2.3659275,"Thando1988, Anton Karskiy, Lee Wilson - Nobody But You (4AM Dub).mp3",Favorites,2
123.046875,0.5856494,2742.290643242165,-146.54826,68.9037,15.129717,9.58266,1.5842489,12.398594,3.3189857,4.779687,2.2002044,8.027595,5.942488,10.35159,8.1616745,DJ Romain - One Step (Original).mp3,Favorites,3
123.046875,0.43488312,1395.6084112529716,-187.02237,110.34381,23.027544,20.423971,21.092407,13.604363,5.8737855,12.155775,2.4614406,8.886651,3.3240445,4.673306,3.350334,Hotlane - Whenever (James Curd Remix) .mp3,Favorites,4
161.49902344,0.34955484,2588.271711178184,-97.473946,80.383415,4.1020026,18.41307,0.7281957,-9.977867,-6.6911674,-13.031797,-7.182212,-8.700009,-14.458694,-9.795539,-13.9956255,"Sue Avenue, Marta Del Grandi-Homeless (Original Mix) www.myfreemp3.info .mp3",Favorites,3
123.046875,0.4354737,2459.173069632096,-134.37057,76.072296,13.7581,32.896267,18.76487,11.903719,0.4499045,6.7396507,-0.082918525,-0.41590735,-3.4180048,5.0134625,-0.45879757,5A-Saison - Please Don't Go.mp3,Favorites,0
117.45383523,0.6100684,3167.2261560573425,-109.65743,30.710424,-1.4597472,23.536205,4.693118,18.007788,2.8933313,8.327437,1.979216,9.315256,0.40922126,7.8074102,0.6094726,Made By Pete - Hood Rats (Original Mix).mp3,Favorites,1
123.046875,0.6089193,3286.2401096354724,-166.36269,27.024971,12.541561,18.462896,11.368707,24.59217,12.762027,21.4433,4.0641985,11.74125,3.3725197,9.857049,0.9913386,Carlo Caldareri - Do Right (Original Mix).mp3,Favorites,1
123.046875,0.55124986,3206.154996501664,-152.529,41.536945,6.8160925,5.8996787,-2.3366768,3.2570744,3.0394611,7.1830683,2.4561472,5.8374934,5.587321,7.9967923,4.895318,Soul De Marin - Krazy Shit (Original Mix) [exclusive-music-dj.com].mp3,Favorites,1
123.046875,0.6353038,3782.8878713081954,-120.54413,9.066139,-3.7659378,8.680516,-6.6544547,9.830468,0.16197093,6.852587,1.498855,9.8415,1.7586356,7.2873564,4.8085647,Ruben Naess - Your Body (Original Mix).mp3,Favorites,2
123.046875,0.5495448,3418.730742581139,-113.95978,35.638943,-3.8971193,1.2069837,-2.8502743,1.4165905,-4.7854953,-1.7464707,-10.552517,0.8517696,-3.403637,5.495925,1.3064704,OFFAIAH - Find A Way (Extended Mix).mp3,Favorites,1
123.046875,0.4225055,2948.4057545227533,-189.68097,69.672356,25.099743,11.786694,8.548955,4.4561257,-4.605285,2.7949734,3.7523704,9.916476,8.154551,9.273329,7.1459227,Inland Knights and Da Sunlounge - Track A.mp3,Favorites,3
123.046875,0.3701268,1676.6272626074165,-247.39612,100.77453,52.2563,11.887778,12.192416,4.6236553,-2.3000858,7.806389,1.3871641,-0.36964667,2.8149674,-0.13778578,0.049275234,01 corner of my soul.mp3,Favorites,4
123.046875,0.535576,3197.952142111732,-155.13533,29.931616,19.728733,25.64204,8.402608,20.370466,6.509383,12.46963,7.022232,10.546903,3.116237,7.6087084,3.6809413,Kinky Movement - Freak Trip.mp3,Favorites,1
129.19921875,0.49303928,3291.7375412152087,-111.32811,42.984093,24.828773,19.637838,5.2240047,14.379954,0.053179193,12.82694,3.9841413,6.9960217,-4.1140766,5.4955664,-8.692158,01 Short Cut To The Top EP (Short Cut To The Top).mp3,Favorites,1
129.19921875,0.5151566,3136.053932018768,-135.45709,32.729923,0.6062435,19.337238,-1.8105637,13.233797,0.008388272,7.0997343,0.0953286,6.5931573,-1.9709321,0.93434817,-6.9483376,11 Angel Anx - Boompie (Dub)(www.house-music-exclusive.com).mp3,Favorites,1
123.046875,0.539983,2849.5780480813337,-161.64812,52.56931,-17.685474,4.762579,-19.11973,9.245675,0.76558965,1.8751296,-3.628666,2.6258748,-0.54021406,4.546873,0.8657219,kinky_movement_-_two_minute_warning[www.MP3Fiber.com].mp3,Favorites,3
129.19921875,0.5513476,3371.2532544454234,-191.55185,21.629772,7.944093,28.109203,8.795008,10.864294,3.3100226,14.829558,-3.5164974,9.621139,0.8053209,8.483991,0.43205756,Unseen Things (Sonny Fodera Remix).mp3,Favorites,1
123.046875,0.5549642,3621.051629468464,-70.32938,27.950888,-1.652544,3.9931943,0.22824275,7.9218917,-16.929934,-8.93675,-16.978685,-12.495169,-18.685696,-7.534565,-10.213151,Hiva - Sparkling Disco Lights (Original Mix).mp3,Favorites,2
123.046875,0.48171702,3661.194972230532,-97.89559,38.82824,28.150482,19.515495,6.8681626,17.516943,10.691048,15.418407,0.044267684,2.0506177,-8.251675,7.693203,-0.6908144,04 drunken preacher.mp3,Favorites,2
83.35433468,0.5649465,3552.1131756147543,-102.26945,30.135153,2.8541565,27.333588,-2.5725324,5.660261,-5.021254,-4.45877,-10.676653,-5.766811,-9.595421,-6.0462275,-8.888804,"Jose Nunez, Erick Morillo, Shawnee Taylor - Addicted (Harry Romero & Juan Diaz Mix).mp3",Favorites,2
123.046875,0.4845869,2916.802717226369,-172.80922,53.76117,30.336475,28.620707,5.508913,16.448057,0.97623664,4.9316826,2.2300909,2.6186783,-1.5654736,-1.3060206,1.6890512,"Angelo Ferreri, Karl8 - Andrea Monta - Movin- Too Fast (Original Mix).mp3",Favorites,3
123.046875,0.4186631,2416.6939129569914,-177.27261,80.49206,49.03004,34.61505,22.856052,17.126696,-2.9398336,5.0738945,-0.4157132,-6.645485,-9.465771,-0.47819698,-7.20558,ANDHIM - the ONE.mp3,Favorites,0
123.046875,0.43729448,3843.243907027773,-116.79351,33.69975,-2.5456421,-15.275719,-20.067299,-5.1949034,-22.838995,-15.369515,-18.041708,-13.6326065,-19.73412,-12.779607,-16.268814,02 SOMETHING ABOUT THIS MUSIC.m4a,Favorites,2
123.046875,0.5915704,2708.634693323179,-191.20264,44.864925,7.1877685,11.77816,4.026042,13.074787,5.6054716,6.798867,-0.5301325,4.9239855,1.8711493,6.0306106,1.3328071,"7B-Rob Roar, Keithen Carter - Crack Cadillac.mp3",Favorites,3
123.046875,0.6124559,4105.671031675709,-131.58836,-3.528055,-18.234085,5.5251455,-7.359332,6.7766685,-5.5871067,-0.253133,-8.216665,1.6392561,-2.6058629,-0.4098455,-2.4385486,ATFC David Penn - Hipcats Extended Mix Armada Subjekt-www.groovytunes.org.mp3,Favorites,2
129.19921875,0.52558017,2663.426350323074,-204.6278,46.69669,31.008293,36.1277,18.279804,28.802967,11.365752,18.88963,11.849111,11.693852,4.064609,8.459387,3.7200754,Xjn - Ddst (Original Mix) [exclusive-music-dj.com].mp3,Favorites,3
123.046875,0.56079465,2147.0919575355183,-220.24449,86.85242,5.316054,21.200844,4.3103604,12.463589,8.163804,8.332473,3.871469,5.4663424,4.969242,9.563297,5.7631035,Mountal - Last Cigarette (Original Mix) ZippyOn.ORG.mp3,Favorites,0
129.19921875,0.48397276,2404.595869879901,-179.01079,56.24393,-4.002359,22.837307,11.701954,16.771236,-0.00024796714,5.4659095,3.698981,4.5664787,3.4921286,5.4062195,-0.15125135,Eddie Matos - Hypnotized (Kinky Movement Rem.mp3,Favorites,0
123.046875,0.5700304,3546.9338279755834,-160.86308,25.657171,-0.9530609,13.204554,4.4234147,14.653344,5.735097,11.322852,2.3368962,11.590343,6.529064,7.4010043,2.1032846,03 Track 03.mp3,Favorites,2
123.046875,0.6159289,3042.549488112037,-197.18118,49.990627,5.169455,19.095495,16.835909,17.15349,1.4045515,8.306013,3.6056323,-0.3868618,4.6572213,5.862629,0.8816039,06 Remerc - Ponysteps (Original Mix).mp3,Favorites,1
129.19921875,0.598092,3863.9250642572,-44.132107,20.325726,14.900309,26.184917,5.7914114,16.546581,1.471182,7.510728,3.0094354,6.733812,-3.4000819,1.2492514,-0.8895818,Discotron - Get On Down (Original Mix).mp3,Favorites,2
123.046875,0.48779097,2432.2076557621576,-102.11944,79.83546,-7.693247,23.824331,1.4706922,4.7033563,2.5644436,0.53266156,-4.073193,3.5517929,-3.104386,1.4613612,-5.3715487,CHIPZ - Addictive (Original Mix).mp3,Favorites,0
123.046875,0.62671375,3627.8713056451247,-203.49228,17.16339,45.4093,31.669798,4.4285116,20.777487,8.09028,12.802091,5.0503654,9.431076,1.4176451,5.580258,0.058124933,Juanma Llopis - Deep Inside (Original Mix) DeepDJ.org.mp3,Favorites,2
123.046875,0.6122059,4276.440434347757,-146.34471,17.224277,28.769629,10.786665,7.089459,19.307241,6.267608,12.342775,7.6812387,10.120515,3.4492724,1.1944628,-4.0178595,11B-Stranger Danger - Spell On You (Original Mix).mp3,Favorites,2
123.046875,0.5503068,3091.736909185516,-158.60567,44.40491,-2.5811076,16.531847,-4.3303194,13.376871,-3.9512384,5.101975,0.79281306,1.9376444,-4.611205,-0.09702965,-4.6285844,"Delgado, Chrissy K, Ian Green - Schpilkas (Original Mix).mp3",Favorites,1
123.046875,0.59717035,3645.510659624461,-113.61686,26.09932,16.184807,24.918056,6.3576245,10.952045,-2.594032,6.01968,-2.897509,4.794321,-0.25481912,3.0268269,-4.845598,"Kritik (SA), DJ Kone - Marc Palacios - Need You (Dj Kone - Marc Palacios Extended Remix).mp3",Favorites,2
123.046875,0.49463987,1375.3633898456842,-233.60294,93.46705,38.721733,57.703526,25.48859,29.234247,11.498987,7.8995843,-0.17424051,3.2265878,-0.7839807,2.5884113,0.102684,Ronan_Portela_-_Transition_-_Eat_More_Beef_Music.mp3,Favorites,4
123.046875,0.60791975,3038.825616840882,-115.60475,55.89843,-1.5857286,16.957678,13.988165,10.693609,1.4313726,14.09468,0.38386777,8.158055,2.2041466,7.3060765,-1.7455903,03 Deep into corner soul_.mp3,Favorites,1
123.046875,0.6038656,3185.6532147666544,-172.25778,43.994232,9.080618,25.226254,13.883179,13.578583,12.827941,13.263892,4.4754376,6.699453,4.6069684,8.006175,3.0032125,Patrick Topping - Look Around.mp3,Favorites,1
123.046875,0.6467959,2666.0308687359675,-260.15488,43.20717,14.32131,23.36866,3.7959552,8.219907,-3.1164272,4.172508,-0.065610334,2.075509,-1.559001,0.17593932,-2.7217016,Frankie J - Knights.mp3,Favorites,3
123.046875,0.5877742,2829.9987765983547,-214.03618,60.397446,35.35596,23.407568,20.27032,24.97057,15.884262,14.202996,8.561484,10.83067,2.1620514,7.3173895,-0.23615012,Boris Dlugosch - Keep Pushin' (Purple Disco Machine Vox Mix) [ClapCrate.com].mp3,Favorites,3
129.19921875,0.59195644,3031.103779237073,-89.0276,29.383762,13.345718,29.877449,18.698862,17.59129,8.609382,13.390553,12.372578,17.371666,4.8409414,5.905454,5.502003,J Paul Getto - Love Is True (Rescue Remix).mp3,Favorites,1
123.046875,0.42570823,1615.2073009700173,-162.31964,103.25389,36.25617,31.50032,22.522297,17.03642,13.763458,15.932284,4.958158,12.341376,0.6225022,6.162782,1.8310902,"05. SeeMeNot, Aaaron - Together, Pt. I (Original Mix).flac",Defected Records,4
123.046875,0.5757164,2883.645140593699,-45.042393,49.56472,8.519275,43.786034,2.3439937,18.784817,5.9293118,16.208067,4.8895407,11.487669,3.2499084,9.541914,1.1162283,04. Powerdance - Fantasy Light (House Version).flac,Defected Records,2
83.35433468,0.3520302,1688.093445722247,-187.01028,109.1595,39.412376,27.815916,-0.6514662,-8.12213,-18.033127,-19.67233,-21.541126,-6.6270413,-14.561886,-8.550493,-6.873947,01. Dames Brown - Glory feat. Waajeed (Extended Mix).flac,Defected Records,4
123.046875,0.44339532,1811.190788200068,-155.15291,92.49249,14.822552,34.215218,5.955026,18.157883,7.9228854,19.39865,7.9438596,11.969385,4.7843733,3.9536803,1.4310926,01. CamelPhat - Cola feat. Elderbrook (Made By Pete Extended Remix).flac,Defected Records,1
123.046875,0.6039527,2991.224463989139,-81.38437,47.188126,21.351107,41.84586,11.45731,28.206366,10.027383,13.39031,0.55204475,7.43356,-1.1889488,3.437316,-2.008425,32. Harry Romero - Revolution (House Masters Extended Edit).flac,Defected Records,3
83.35433468,0.5772855,2966.1550423603708,-105.05219,42.31073,36.22926,24.77922,12.2433,16.528097,3.9722114,10.387945,3.9307919,8.874685,0.6598717,3.924071,-1.541964,01. John Summit - La Danza (Extended Mix).flac,Defected Records,3
129.19921875,0.5250903,2768.2794832727977,-145.64969,65.16008,42.38213,20.315445,10.872352,11.979399,-6.8896847,11.634436,-6.464434,3.3838549,-7.04437,-0.75751954,-1.8402358,05. Hardrive - Deep Inside (Mr. V SOLE channel Remix).flac,Defected Records,2
123.046875,0.55831254,2497.4374187327394,-150.26212,69.99734,40.56688,37.77543,29.845673,19.993977,9.067319,21.414732,3.881482,12.517208,0.91963893,9.13273,-0.99772954,01. SeeMeNot - Borderline (Jamie Jones Extended Remix).flac,Defected Records,2
89.10290948,0.38209355,2622.4224181780114,-172.51797,69.92696,19.763893,5.9913692,-0.66094506,-1.1321514,-12.464304,-0.6582317,-9.568993,-3.59959,-8.567151,-1.190158,-2.7725725,07. YOURS - IN THE MORNING (New Machine Remix).flac,Defected Records,2
123.046875,0.58663875,2850.388525031205,-112.81343,52.23068,33.20885,26.328094,16.95283,21.72597,6.920417,7.627103,-2.6823633,6.2617974,1.4256248,8.579805,5.080125,01. Hannah Wants - The One feat. ARA (Extended Mix).flac,Defected Records,2
123.046875,0.5630248,3048.1363272389663,-81.28813,53.565308,20.621561,27.090832,10.743439,11.495029,0.58502483,5.8916955,-1.848583,4.5299726,-2.2159102,2.797045,-0.7012902,02. Vintage Culture - It Is What It Is feat. Elise LeGrow (Vintage Culture VIP Mix).flac,Defected Records,3
129.19921875,0.48889053,2786.140197491442,-185.13855,57.23167,40.22752,35.658573,17.1611,20.781466,6.3362565,10.426059,4.918466,4.9728217,0.5407022,-0.112484284,-4.690907,02. Harry Romero - Night @ The Black (Original Mix).flac,Defected Records,2
123.046875,0.43878573,3051.196812306236,-111.16909,46.342133,20.137102,30.791185,4.1494026,15.970505,-2.0376878,4.38319,-3.5704243,1.4737906,-6.2257357,-2.824297,-8.9822235,"01. Sandy Rivera, Mike Dunn - I Won't Let Go feat. April Morgan (Extended Mix).flac",Defected Records,3
123.046875,0.6118498,4000.745099382146,-78.606384,-7.706035,7.6060615,13.708235,-7.090426,18.771852,9.08635,6.656189,7.7260303,10.41327,4.7315345,5.351809,9.477038,01. Dames Brown - Glory feat. Waajeed (Floorplan Extended Remix).flac,Defected Records,0
123.046875,0.5899501,2644.0616696373963,-136.8034,58.662056,33.273624,27.080599,12.308758,21.45978,14.906625,16.206999,5.776283,13.21882,6.0130477,9.942011,-0.53713924,"01. Hannah Wants, Jem Cooke - Calling (Extended Mix).flac",Defected Records,2
129.19921875,0.5636912,3571.3638248601783,-175.85066,39.735386,28.927162,11.539063,2.9239395,20.279882,3.376388,5.186936,-0.39057815,10.171937,-2.550912,3.7191672,1.0824778,14. Mr. V - Bring That Beat Back (Original Mix).flac,Defected Records,0
161.49902344,0.4189966,2058.120732583045,-121.097435,87.41224,21.294153,34.426353,8.316777,13.337881,4.0536575,6.7890615,-0.95433617,6.857427,-1.2584208,2.6123245,-3.7685478,02. SeeMeNot - Borderline (Original Mix).flac,Defected Records,1
129.19921875,0.6099948,3838.5406349005766,-160.96953,16.19884,-5.53575,13.547471,13.621558,23.47146,5.5972366,12.59714,4.778009,8.012733,0.20657255,4.9572706,1.22526,16. Harry Romero - What Happened (Main Mix).flac,Defected Records,0
123.046875,0.59791625,3190.214602913215,-126.30304,41.627266,48.239105,27.179657,4.6910725,16.702097,9.106491,6.592413,6.517938,8.801747,-0.13391764,7.4401245,2.732299,13. Mr. V - The Afterhours (Original Mix).flac,Defected Records,3
123.046875,0.5849385,2841.3725330744546,-81.77982,69.37054,12.721897,21.486599,8.062699,9.559168,-2.05159,5.9816003,-0.8821392,2.9750836,-3.7899616,4.897164,-0.78435564,"10. Audiowhores, Roland Clark - I'm Inspired (Diamond Dealer Remix).flac",Defected Records,2
123.046875,0.5418598,2787.2086186257466,-119.50147,70.00885,19.202929,11.107957,19.159433,8.196801,3.6285496,3.952716,0.7736733,3.7405632,2.6669595,2.3884876,-2.1247718,15. Mr. V - Breakers Theme (Original Mix).flac,Defected Records,2
63.02400915,0.6280938,2332.735789934884,-91.23713,65.42409,-14.839903,31.387167,-2.87403,22.193575,5.392418,20.652271,4.1919928,12.892566,2.7077682,7.561401,3.0587282,05. Todd Edwards - Winter Behavior (Soul Clap Rub A Dub Remix).flac,Defected Records,1
129.19921875,0.35655585,1481.5544380352596,-216.02644,139.6087,36.882805,-1.8704284,1.4929609,1.5325631,-1.7742045,-2.7482793,-1.7309955,2.1869113,-7.6619387,-4.2483096,-14.088991,"01. Darius Syrossian, Jena (US) - E-Soul (Extended Mix).flac",Defected Records,4
129.19921875,0.5352507,1222.1693369066118,-273.25626,66.968956,65.63316,41.724426,40.34189,39.421677,25.376053,29.580496,22.766466,16.734098,10.780953,9.301998,7.4643674,04. Jamie Jones - My Paradise (Extended Mix).flac,Defected Records,4
129.19921875,0.54814297,3815.75416616445,-83.516975,35.808777,48.08334,17.44211,19.01249,18.616207,10.980476,12.754426,-0.6695305,5.1680293,4.535736,9.761822,6.459102,01. Jansons - Hypnotic feat. Dope Earth Alien (Extended Mix).flac,Defected Records,0
129.19921875,0.55921495,3082.057474580644,-117.56509,48.979176,19.956394,17.859783,5.8793864,23.883274,10.029734,13.839048,4.1168547,5.6700797,0.92403257,4.164968,-0.39228562,26. Soulsearcher - Can't Get Enough! (Prunk Extended Remix).flac,Defected Records,3
123.046875,0.65062606,2327.141577142177,-194.47797,49.92363,47.0945,32.803272,15.569812,27.694382,14.148297,18.98862,12.963595,16.469147,13.298771,16.274563,10.042397,"07. Mr. V, Dennis Quin - Bouncin' (Extended Mix).flac",Defected Records,1
129.19921875,0.6133456,3490.7782060407058,-110.489105,20.957472,12.583252,21.956446,-1.6278632,20.972054,1.7246766,7.1155686,-2.7134576,8.802131,-3.6719675,3.3672261,0.14457154,"20. Inaya Day, Harry Romero - Rise Up (Extended Club Mix).flac",Defected Records,3
63.02400915,0.4710233,2146.557581419472,-183.01543,75.3211,32.988316,33.346096,22.30096,22.443275,2.8103492,0.9247259,-7.3991632,-3.8653395,-7.257925,-4.2587004,-4.283344,"01. Camden Cox, Oden & Fatzo - Lady Love (Extended Mix).flac",Defected Records,1
129.19921875,0.569395,2077.6584478050563,-211.02902,69.02188,50.31404,43.257523,24.664656,25.08824,15.792364,13.507149,7.609942,6.241813,1.688215,1.3801925,-3.4750364,01. Jamie Jones - My Paradise (Damian Lazarus Extended Re-Shape).flac,Defected Records,1
129.19921875,0.5697465,2864.837047253837,-78.77602,56.086674,-6.523723,17.134878,-6.096932,16.807724,0.01227468,8.603083,-1.7395297,9.53793,-1.5890541,6.044841,0.47083277,03. Todd Edwards - I Might Be (Harry Romero Remix).flac,Defected Records,2
123.046875,0.5859056,3040.895735551648,-103.07251,44.296883,8.140521,14.364103,6.2840476,11.144818,6.9990683,11.831268,2.2736127,12.854786,4.92272,6.107706,2.3326786,01. Hugel - La Verdolaga feat. Toto La Momposina (Extended Mix).flac,Defected Records,3
129.19921875,0.5859481,3310.00236033456,-65.36356,40.005466,20.528221,20.196468,12.356045,14.939885,3.911282,11.960268,5.552511,13.460152,2.2526677,8.064018,-2.8279953,02. Intruder (A Murk Production) - Amame feat. Jei (Fleur Shore Extended Remix).flac,Defected Records,3
123.046875,0.494383,3813.673871557037,-188.2745,16.755806,37.229282,14.487897,6.06111,0.6818213,-4.3139853,8.642749,-3.2769144,9.207033,7.8455405,12.545907,-1.805121,01. Hannah Wants - Cure My Desire feat. Clementine Douglas (Extended Mix).flac,Defected Records,0
123.046875,0.45437756,2103.5701775378734,-222.19618,90.410866,30.398193,26.115974,-1.8752218,5.735449,-7.4414153,-2.3672574,-11.074881,-3.0577097,-7.7262073,-3.0044293,-6.9210563,"01. Ferreck Dawn, Clementine Douglas, Meduza - I Got Nothing (Extended Mix).flac",Defected Records,1
123.046875,0.54076415,1768.2185562285674,-188.79573,61.829613,13.57996,42.922348,21.896221,27.03662,20.853243,22.16178,12.526794,16.498493,13.282653,13.180217,7.2591248,"38. Marco Faraone, Lolita Leopard - My Name feat. Lolita Leopard (Extended Mix).flac",Defected Records,1
129.19921875,0.55603695,1839.1876930568528,-165.01532,76.332634,40.367954,43.101482,11.484279,20.444666,8.54899,12.672379,9.249696,12.370323,4.741102,5.618653,4.8090043,"02. Darius Syrossian, Olive F - Cereal Killer feat. Fountain Sound (Original Mix).flac",Defected Records,1
117.45383523,0.4974699,3104.557139378443,-146.92303,48.545425,12.408731,30.86749,5.4978347,14.026381,-0.3870621,8.331569,0.11620947,5.038166,0.27435842,4.101079,-3.2250183,"28. Spiller, Sophie Ellis-Bextor - Groovejet (If This Ain't Love) (Riva Starr Disco Odyssey Extended Mix).flac",Defected Records,3
117.45383523,0.507002,3029.312297614561,-176.16174,53.751522,55.077286,36.8995,13.636992,16.79677,6.225617,5.8105392,-0.2886054,5.1770387,-4.8587785,5.11466,1.7739097,"47. Sio, Fka Mash - Bumblebee (Extended Mix).flac",Defected Records,3
123.046875,0.5797023,2681.2587601765954,-96.265564,62.11575,-3.3412962,24.107286,13.381487,15.011241,9.761081,15.419477,8.728939,14.233896,4.974865,8.083332,6.8483953,10. Honey Dijon - Love Is A State Of Mind feat. Ramona Renea (Extended Mix).flac,Defected Records,2
129.19921875,0.5187129,3405.5616033559227,-124.72799,38.034534,48.385582,33.72634,2.9034958,10.015047,5.102897,3.9253626,-0.73797166,6.7925906,-1.226495,7.410345,4.5230937,21. Mr. V - Below Your Radar (Original Mix).flac,Defected Records,3
123.046875,0.63837355,2659.385137464656,-202.34152,48.072353,13.47584,24.571474,14.79359,27.718689,12.574788,12.294583,-4.1391926,6.1432333,4.076716,5.3259354,1.035279,27. Mr. V - Revolution (Original Mix).flac,Defected Records,2
129.19921875,0.5180368,2302.5440561583296,-155.07143,74.17396,51.120876,29.982382,21.287697,24.246986,13.047948,10.091609,1.1290661,4.9828043,-1.9678296,0.8134701,-5.560822,"01. Catz 'n Dogz, Myst Milano - Feed My Hunger (No Shade) (Club Mix).flac",Defected Records,1
61.5234375,0.4097581,2521.4244994436376,-143.04935,69.95321,-5.481501,-6.0220413,-25.522537,-24.293465,-24.234394,-8.080727,-6.7927146,-0.72451526,2.8613782,5.3092895,-2.0703368,34. Powerdance - Power Dance (Mousse T.'s New Jersey Dub).flac,Defected Records,2
123.046875,0.55780125,3125.043218754478,-120.49163,32.1188,14.629534,33.231667,18.19638,27.292536,11.679125,13.943238,2.1450126,8.363091,-1.209957,4.4552393,2.7518325,"07. Sonny Fodera, Vintage Culture - Nightjar feat. SHELLS (Riva Starr Extended Bassbin Remix).flac",Defected Records,3
123.046875,0.32737556,2169.065048085917,-154.39255,103.23936,-31.728857,17.412558,-5.5437937,1.7484105,-16.656296,-12.911547,-6.478134,-6.15286,-10.347436,-2.3443546,-11.504994,33. Payfone - Day & Night (Extended Mix).flac,Defected Records,1
123.046875,0.55780125,3125.043218754478,-120.49163,32.1188,14.629534,33.231667,18.19638,27.292536,11.679125,13.943238,2.1450126,8.363091,-1.209957,4.4552393,2.7518325,"01. Sonny Fodera, Vintage Culture - Nightjar feat. SHELLS (Riva Starr Extended Bassbin Remix).flac",Defected Records,3
123.046875,0.6371515,2882.852402565616,-153.51152,45.875854,39.271156,31.793486,16.087952,23.580557,6.999496,7.939837,3.01677,5.2624774,-1.6944932,3.5789206,-1.5809733,27. Fiorious - Follow Me (Harry Romero Club Mix).flac,Defected Records,2
123.046875,0.42721242,3216.784660764068,-101.24059,42.748306,3.39908,1.7078835,-2.3522618,12.130143,9.294774,19.337687,1.8034998,14.378255,-7.851786,-1.8656842,-1.5217928,40. Make A Dance - I Need Somebody (Extended Mix).flac,Defected Records,3
123.046875,0.51718426,2745.727847876456,-311.6202,33.691597,44.92353,39.70519,28.837467,22.899055,1.3963307,13.972596,19.20759,8.153744,-6.612149,1.7508557,8.511837,01. Mr. V - Jus Dance (Original Mix).flac,Defected Records,2
123.046875,0.50276035,2401.0481852219914,-133.71635,80.84198,15.937683,13.194313,22.49223,25.786669,7.215138,14.585687,13.483877,5.4699297,1.1737919,7.036226,2.3062398,27. Freesoul - DiscoEyes (Sane Dub).flac,Defected Records,1
123.046875,0.56984717,2355.623183616957,-136.22395,80.92381,23.090464,22.549883,20.739082,19.965952,7.196135,24.813786,1.9676733,12.303772,5.7924743,5.7440605,1.2536446,28. Mr. V - Keep Bouncing (Original Mix).flac,Defected Records,1
123.046875,0.4822106,3820.847698987808,-72.45432,38.537933,9.771053,9.106291,-12.49967,5.698354,-13.299239,4.759841,-6.4208956,3.7195096,-5.958173,-1.361796,-11.646287,01. Tensnake - Coma Cat (Purple Disco Machine Extended Re-Work).flac,Defected Records,0
123.046875,0.3928879,1849.2502324476804,-183.26706,100.81698,28.084269,21.667505,8.909686,13.501599,4.5372763,5.764563,-10.863728,4.2979336,-0.23780006,0.018985901,-6.4475203,"14. Sophie Lloyd, Pauline Taylor - Angels By My Side feat. Pauline Taylor (Original Mix).flac",Defected Records,1
123.046875,0.6216764,3074.89896878301,-203.29066,27.634518,-16.286558,0.80163497,-1.6148918,13.569667,10.386975,14.065792,5.056598,10.501615,2.5624328,6.9229727,3.8372161,16. Jack Back - Feeling (Extended Mix).flac,Defected Records,3
129.19921875,0.6205299,2951.195817029867,-175.3221,38.276638,2.4858768,23.045025,-0.8806793,8.030286,-1.3808714,5.331673,0.0051825084,1.0301294,-0.4570562,4.82575,-2.3739564,23. Sandy Rivera - I Can't Stop (Joseph Capriati Extended Groove Remix).flac,Defected Records,3
83.35433468,0.5584639,2912.612210304151,-48.985756,53.778717,14.830587,35.519676,9.176236,20.790396,7.534796,13.155625,4.1949844,8.848101,0.8610097,5.151626,0.45472953,"33. Inaya Day, Harry Romero - Just Can't Get Enough (Jamie Jones Extended Edit).flac",Defected Records,2
123.046875,0.49832842,2331.604024487549,-193.32,75.60539,48.743874,33.15995,10.5903845,24.176054,14.622465,12.733308,15.3007145,4.5147514,4.0222955,8.033138,-2.1984718,11. Conan Liquid - One Time (For Your Mind) (Original Mix).flac,Defected Records,1
123.046875,0.42506462,3177.264094634689,-98.39463,39.65256,31.451223,36.7309,13.028739,25.335062,2.3544142,6.6497784,-4.7417607,0.6450702,-10.614099,0.7492676,-5.0984206,"16. BLONDISH, KeeQ, Chloe Paige - The Cure feat. Chloe Paige (Extended Mix).flac",Defected Records,3
129.19921875,0.5352507,1222.1693369066118,-273.25626,66.968956,65.63316,41.724426,40.34189,39.421677,25.376053,29.580496,22.766466,16.734098,10.780953,9.301998,7.4643674,01. Jamie Jones - My Paradise (Extended Mix).flac,Defected Records,4
129.19921875,0.5554059,2753.3940107406083,-108.014244,59.35461,2.9780262,17.415443,8.818123,23.859533,8.209574,16.559208,3.576769,7.1895385,3.8094606,7.309963,-1.0613868,"05. Nez, Riva Starr, Hilit Kolet - Twerq It feat. NEZ (Extended Mix).flac",Defected Records,2
129.19921875,0.5505815,3758.826421639477,-76.09178,23.24186,41.006134,29.467728,12.818707,18.75939,4.2429338,11.442195,-6.157519,7.2859197,-0.19553964,2.053324,-3.1360233,36. Danny Howard - Mr B (Extended Mix).flac,Defected Records,0
123.046875,0.46307474,3564.195509197484,-70.19946,47.774647,4.1122003,10.767614,-4.7313094,5.2724595,-4.4334874,5.624992,1.6822975,7.377233,1.4447489,3.3714263,-2.796159,"18. Low Steppa, Crusy - Bullerengue (Extended Mix).flac",Defected Records,0
61.5234375,0.59730643,3492.039996159286,-115.439,27.599459,27.302816,39.978928,14.935361,25.900293,5.788874,12.640428,6.2454085,10.295965,3.1979516,8.751984,-1.4693112,"13. Intruder (A Murk Production), Jei - Amame feat. Jei (Luke Solomon's Live Revision).flac",Defected Records,3
117.45383523,0.48342994,1522.8058838179595,-137.12497,95.28782,27.522772,33.739643,16.339027,29.04823,15.450622,24.563152,7.87814,16.005814,8.792984,10.016659,7.0239286,"11. Luke Solomon, Jon Marsh - Lonely Dancer (Dance Away The Pain) (Original Mix).flac",Defected Records,4
129.19921875,0.47764325,1972.7076425542416,-147.11996,106.16936,28.298704,18.875845,6.304606,17.637054,-0.055220567,6.8592925,-3.9483435,1.1418495,-4.073965,2.4198904,-1.6515423,"01. Todd Edwards, Shermanology, Rudimental - Rain (Extended Mix).flac",Defected Records,1
123.046875,0.5939757,2642.308660934073,-131.09792,67.134026,18.12474,21.199694,9.900333,20.00868,9.983569,14.300923,6.362444,8.963691,4.696319,3.9638586,1.8778948,01. Kings Of Tomorrow - Fall For You feat. April Morgan (Hot Since 82 Extended Remix).flac,Defected Records,2
129.19921875,0.47764325,1972.7076425542416,-147.11996,106.16936,28.298704,18.875845,6.304606,17.637054,-0.055220567,6.8592925,-3.9483435,1.1418495,-4.073965,2.4198904,-1.6515423,"25. Todd Edwards, Shermanology, Rudimental - Rain (Extended Mix).flac",Defected Records,1
129.19921875,0.5668558,3651.323536658322,-217.13216,-6.606444,-5.091814,41.83451,3.028728,27.784672,11.584744,19.938482,11.032314,14.403751,6.326705,9.399455,2.1072407,06. Choo Choo Project - Hazin' + Phazin' ('Choo Choo' Vocal Mix).flac,Defected Records,0
123.046875,0.49468067,2125.886666918169,-203.68498,78.12214,51.48868,32.900017,13.318352,25.312626,-6.902797,3.1349947,-7.9012146,8.9368,5.1203394,1.5799464,-7.774701,30. Mr. V - In Loving Memory (Original Mix).flac,Defected Records,1
123.046875,0.5928725,2333.1425484581387,-94.6059,75.70203,22.15718,31.49397,16.038458,21.50346,9.647932,15.846383,6.1885996,9.614926,5.0722475,13.219841,4.0099416,"48. Low Steppa, Saison - Dig Deep (Extended Mix).flac",Defected Records,1
129.19921875,0.63911504,3006.55984945501,-224.23732,33.22203,18.214766,35.24214,19.123932,20.9744,10.765817,10.699763,6.0908756,8.88111,3.4239297,8.410862,4.1701207,02. YASS - My Only (Main Vocal Remix).flac,Defected Records,3
117.45383523,0.40386024,2866.6426633478814,-189.62743,67.602875,-7.8676257,5.474727,-16.33534,2.0050068,-11.76707,-0.77852136,-3.226558,-5.6816087,-15.597587,-5.524283,-3.0668545,"30. The Shapeshifters, Adi Oasis - Tell Me It's Not Over feat. Adi Oasis (Extended Mix).flac",Defected Records,2
123.046875,0.49953797,2035.173714719854,-166.21707,84.761856,29.353552,34.24355,14.733747,16.571161,7.4387455,8.708369,1.0368278,3.6268046,-1.6796485,1.1156374,-2.1600208,41. Mike Dunn - It's A Groove Thang (Saison Extended Remix).flac,Defected Records,1
123.046875,0.6157098,2964.0458228045018,-88.47649,49.75162,7.8013854,27.0572,5.9287686,23.372917,5.2478566,13.264978,3.7225285,12.059686,2.3165278,7.962835,3.488318,01. S.A.M. - Spotlight feat. Sarah Ikumu (Mousse T. Extended Shizzle Mix).flac,Defected Records,3
123.046875,0.5630248,3048.1363272389663,-81.28813,53.565308,20.621561,27.090832,10.743439,11.495029,0.58502483,5.8916955,-1.848583,4.5299726,-2.2159102,2.797045,-0.7012902,"17. Vintage Culture, Elise LeGrow - It Is What It Is feat. Elise LeGrow (Vintage Culture VIP Mix).flac",Defected Records,3
123.046875,0.54060936,2117.92500650371,-107.45431,101.55764,0.7580177,17.227203,9.610951,15.577554,2.1465826,5.406628,-0.3901576,2.5967913,-1.6263899,4.630667,-1.060938,"01. Boys Noize, Naeem, Velvet Negroni - Let Us Rave (Extended Mix).flac",Defected Records,1
123.046875,0.5231245,3221.1672158307274,-176.69249,22.437315,50.73476,43.630535,19.32861,29.926882,12.336145,22.334045,5.5476556,16.179165,7.058019,10.292708,4.619033,"14. Blaze, Palmer Brown - Do You Remember House feat. Palmer Brown (Harry Romero Extended Remix).flac",Defected Records,3
129.19921875,0.4487597,2263.253426562026,-84.66387,92.991425,-2.843832,14.031495,-10.894223,7.6930366,-6.787036,8.26641,-4.02776,4.8851094,-2.7750738,5.1590166,2.2997322,04. Todd Edwards - Winter Behavior (Soul Clap Extended Remix).flac,Defected Records,1
129.19921875,0.5476513,2871.429905792384,-125.6939,51.655766,23.504272,30.944223,11.513952,17.366217,0.61270577,8.079817,-3.4271932,8.292825,-7.4468946,4.4999514,0.7922886,"05. S.A.M., Sarah Ikumu - Spotlight feat. Sarah Ikumu (Club Mix).flac",Defected Records,2
123.046875,0.6216764,3074.89896878301,-203.29066,27.634518,-16.286558,0.80163497,-1.6148918,13.569667,10.386975,14.065792,5.056598,10.501615,2.5624328,6.9229727,3.8372161,01. Jack Back - Feeling (Extended Mix).flac,Defected Records,3
123.046875,0.5316875,2452.7221170202965,-184.85495,69.82825,60.797638,32.29703,18.882648,20.434298,8.043148,15.266478,5.457942,9.978259,2.157547,4.5573683,6.061323,07. Marlon D. - Fear The Lord (Main Remix).flac,Defected Records,2
129.19921875,0.5554059,2753.3940107406083,-108.014244,59.35461,2.9780262,17.415443,8.818123,23.859533,8.209574,16.559208,3.576769,7.1895385,3.8094606,7.309963,-1.0613868,"01. Riva Starr, Hilit Kolet - Twerq It feat. NEZ (Extended Mix).flac",Defected Records,2
67.99958882,0.478225,2813.113671111198,-72.872246,68.25514,11.182141,11.039147,-3.500873,10.232788,-7.4028344,-1.3933173,-5.4121284,1.0448688,-4.6238723,2.102865,-4.610121,03. Todd Edwards - Dancing For Heaven (Bklava Extended Remix).flac,Defected Records,2
129.19921875,0.5459496,2684.9338993603924,-86.5373,55.271507,-28.43375,20.299524,1.3510119,11.7906885,-1.8865014,4.848181,3.3498504,5.356406,3.2500556,1.8471876,0.50303286,"01. Bob Sinclar, A-Trak, Mele - Deep Inside Of Me (Extended Mix).flac",Defected Records,2
123.046875,0.51338524,3002.861070303901,-79.372536,62.543777,7.6132674,13.036275,-2.9201143,7.632028,-5.3679366,2.17454,-4.864162,1.7811495,-4.7136836,0.7138477,-3.2155766,"29. OFFAIAH, Guilty Empress - Lose Control feat. Guilty Empress (Extended Mix).flac",Defected Records,3
129.19921875,0.65401375,3190.004083382172,-99.0087,32.83445,21.215076,26.952473,3.6991503,33.238636,12.854645,17.900314,7.8679614,11.748505,7.774938,11.978557,4.992475,33. Isolee - Beau Mot Plage (Luke Solomon & Honey Dijon Remix).flac,Defected Records,3
129.19921875,0.53763664,2589.080776796399,-120.27722,70.7228,15.010422,23.755724,3.5479422,16.475574,8.439778,7.1779943,-4.745149,-0.6899668,-1.6128175,3.4277422,-2.074236,"12. Darius Syrossian, George Smeddles - Back In The Dance (Extended Mix).flac",Defected Records,2
123.046875,0.48645207,1529.9134127603809,-135.71454,120.38621,9.331122,35.213306,3.5213733,17.898798,10.941285,8.277861,1.4392681,4.4868317,2.4501584,4.2106795,-1.7100726,01. SeeMeNot - Borderline (Deetron Extended Remix).flac,Defected Records,4
129.19921875,0.5645108,1824.1610440513527,-183.01566,82.38263,45.717255,36.509014,20.660782,27.302963,14.419556,13.915716,8.069486,10.776899,5.5378,10.535389,4.931937,08. B Beat Girls - For The Same Man (Nic Fanciulli Extended Remix).flac,Defected Records,1
123.046875,0.5283118,2537.066588499724,-108.70093,78.596504,-10.993852,7.313002,4.0183115,10.385057,-1.7161032,11.613346,-0.7079508,7.4484887,-3.2641842,1.2253565,-1.728775,"01. Wolfram, Josh Ludlow - YoYo Disco (Extended Mix).flac",Defected Records,2
117.45383523,0.6197658,3028.5555616874385,-115.42833,39.90605,66.79388,45.981632,16.48436,32.28499,9.334617,11.309889,6.742774,6.365812,3.6129313,5.5675573,-1.4320712,32. Hercules & Love Affair - Do You Feel The Same (Luke Solomon Tribute Remix).flac,Defected Records,3
129.19921875,0.53688914,2236.468651319884,-159.70927,71.50732,35.855095,31.990808,42.085136,18.678806,16.281942,13.999173,19.548872,5.4140577,4.6917577,4.8707137,3.7929778,12. DJ Gregory - Breeze (Marlon D and George Mena’s Rebuke The Vocal Remix).flac,Defected Records,1
129.19921875,0.5667022,1290.7884565593838,-192.91989,98.98797,34.055134,36.655685,26.736778,37.1099,10.487413,8.681464,16.424248,18.90055,7.848878,4.1147423,2.8895612,"15. Sailor Jane, R.E.A.D. - Where's My Phone feat. Sailor Jane (Marco Faraone Extended Remix).flac",Defected Records,4
123.046875,0.5922271,2964.222488750564,-92.583786,44.28351,33.401127,36.919773,19.56643,24.788511,12.629681,14.66708,7.5794206,9.240048,3.1891947,5.664299,-0.73693174,"11. Bob Sinclar, A-Trak - Deep Inside Of Me (Extended Mix).flac",Defected Records,3
129.19921875,0.5452634,3863.097229189576,-197.08362,2.2206578,2.229642,34.308792,10.934628,32.434944,8.812465,11.360886,8.962765,16.762568,10.455224,12.741814,9.248545,04. Constipated Monkeys - Cro-Magnon (What About Our Love) (Original Mix).flac,Defected Records,0
123.046875,0.5170707,2742.366274845816,-153.41873,59.46545,24.37203,23.587772,14.419834,23.846735,9.656591,11.791329,4.258396,7.4559035,0.9488856,3.3617492,-2.636483,"01. Majestic, Mike Dunn - House Music (Extended Mix).flac",Defected Records,2
117.45383523,0.6197658,3028.5555616874385,-115.42833,39.90605,66.79388,45.981632,16.48436,32.28499,9.334617,11.309889,6.742774,6.365812,3.6129313,5.5675573,-1.4320712,01. Hercules & Love Affair - Do You Feel The Same (Luke Solomon Tribute Remix).flac,Defected Records,3
129.19921875,0.51753813,3281.006122065442,-63.040695,41.224052,8.127653,19.988462,4.912,10.35805,0.4661786,7.2976027,0.7901056,7.048101,-1.9095407,3.78013,-2.4282002,"01. Todd Edwards, Alex Mills - Wishing I Were Home (Majestic Remix).flac",Defected Records,3
129.19921875,0.5588891,3500.245913476774,-207.92802,13.8636,-15.480907,16.538126,-2.368604,11.38239,4.817581,4.7791977,-3.1488786,4.0185966,-4.508535,0.38910988,-4.511485,03. Todd Edwards - Perfect Love (Biscits Extended Remix).flac,Defected Records,3
123.046875,0.6572961,3381.9326163645123,-121.76484,15.499525,21.66783,27.667654,3.814607,20.57592,6.234957,9.039752,1.5165638,7.7087235,1.215573,4.710916,1.3139172,46. Joel Corry - Liquor Store (Extended Mix).flac,Defected Records,3
123.046875,0.4726713,2102.591502997976,-173.839,76.79414,84.55558,33.301727,20.364288,19.439722,4.3525844,16.088623,-8.171428,5.6329756,-6.7913256,2.614195,-8.255655,01. Candi Staton - Hallelujah Anyway (Larse Extended VIP).flac,Defected Records,1
129.19921875,0.5382817,3153.443170004596,-156.30296,41.13993,29.576468,21.67121,8.506233,14.759454,2.9517105,5.0303297,-0.6875257,2.056489,-5.029938,-0.98503035,-2.3875165,01. S.A.M. - Spotlight feat. Sarah Ikumu (Sam Divine Extended Remix).flac,Defected Records,3
123.046875,0.5764488,4428.822049641531,-135.26659,32.135612,23.482725,2.0076177,1.8493078,5.220305,0.005526067,3.6014786,-4.4882865,-1.2200402,-8.772641,-2.3253975,-4.3865395,"19. Kings Of Tomorrow, Julie McKnight - Finally feat. Julie McKnight (Mochakk, Jay Mariani & Cesar Nardini Extended Remix).flac",Defected Records,0
123.046875,0.45704037,2234.940401765745,-162.49695,66.42572,63.020214,33.936718,28.902761,20.184916,16.164036,17.644075,0.7928527,14.025137,0.5160766,10.905208,-3.094154,01. Archie Hamilton - Let The Light In feat. HQA (Extended Mix).flac,Defected Records,1
129.19921875,0.65401375,3190.004083382172,-99.0087,32.83445,21.215076,26.952473,3.6991503,33.238636,12.854645,17.900314,7.8679614,11.748505,7.774938,11.978557,4.992475,02. Isolee - Beau Mot Plage (Luke Solomon & Honey Dijon Remix).flac,Defected Records,3
123.046875,0.526044,3397.6825738360603,-138.57413,31.187809,40.70597,26.326668,13.233032,17.843967,7.1736975,9.519059,5.969913,8.715744,-0.7939928,4.475732,-4.5157785,02. YOURS - DÓNDE ESTÁ (Extended Mix).flac,Defected Records,3
123.046875,0.46514446,2000.130509649592,-120.0194,89.60843,20.117306,17.222805,6.0839086,16.860073,-3.0384903,4.0663414,-7.8288093,-0.0070209326,-1.0021569,7.2271028,2.281541,04. YOURS - CALLING feat. Armor & Stretch (New Machine Remix).flac,Defected Records,1
123.046875,0.5774203,3276.203256358161,-184.69014,29.158644,64.22051,55.196564,27.47489,18.69999,7.1002045,5.6834745,1.2550675,1.7169513,-0.5800859,1.8917531,0.14308691,02. Mr. V - Somethin' Wit Jazz (Dario D'Attis Extended Remix).flac,Defected Records,3
123.046875,0.5557039,1012.2014323381646,-240.4759,125.594185,32.81158,27.626059,19.66381,21.476753,12.30841,13.289008,5.688042,9.676365,7.4880166,7.723852,4.75361,"04. Copyright, Mr. V, Miss Patty - In Da Club (Shake Sht Up) feat. Mr. V feat. Miss Patty (Copyright Main Mix).flac",Defected Records,4
129.19921875,0.6340381,2716.9459748674926,-141.6534,45.195354,21.014967,34.537365,28.341465,16.749577,8.236577,14.475666,8.797794,14.375304,5.769528,9.64279,3.7396963,01. Studio Apartment - Serenity feat. Marc Evans (DSB Edit).flac,Defected Records,2
117.45383523,0.47801328,2014.0182963349569,-204.39078,92.02368,28.04812,28.592304,14.422205,12.423932,5.545459,3.7107568,1.6915183,6.6546726,-0.45183745,0.7824078,-0.48972258,02. Dames Brown - Glory feat. Waajeed (Kelly G. Shelter Stomp Club Mix).flac,Defected Records,1
123.046875,0.47730356,3551.305022347454,-130.54643,40.128113,37.996136,23.7473,4.24443,8.666568,-0.1565157,2.067269,-3.0693338,2.6793044,-4.3336177,0.256893,-6.1025667,01. YOURS - DÓNDE ESTÁ (Extended VIP Mix).flac,Defected Records,0
161.49902344,0.6413035,2283.898644240296,-105.87054,63.11729,5.6244082,40.694218,4.665582,22.45011,6.8190284,14.506748,3.9446337,13.762447,4.949544,14.650398,3.6431723,28. YOURS - DÓNDE ESTÁ (Masters At Work Rowdy Remix).flac,Defected Records,1
123.046875,0.49606413,1400.2309724892525,-157.69388,117.75506,34.030064,30.3476,10.810168,10.489912,4.056677,6.2338314,-1.4590796,0.6862245,-2.8650334,-2.8187714,-3.5749214,"01. Nic Fanciulli, Butch - I Want You (Extended Mix).flac",Defected Records,4
117.45383523,0.46321705,2014.1436917090791,-126.52363,90.16886,44.3942,32.638004,14.057798,20.188509,1.4599739,14.250656,-5.5997376,9.684684,1.0912462,6.530484,1.2282735,04. Powerdance - A Safe and Happy Place (Original Mix).flac,Defected Records,1
129.19921875,0.5792533,3136.841210367944,-96.06035,33.31991,-2.1502738,15.823499,12.206001,21.98007,9.536862,16.442259,5.952937,11.270511,4.436029,7.0258236,3.8261511,"01. Oden & Fatzo, THEOS - Set You Free feat. Queen Rose (Extended Mix).flac",Defected Records,3
83.35433468,0.5584639,2912.612210304151,-48.985756,53.778717,14.830587,35.519676,9.176236,20.790396,7.534796,13.155625,4.1949844,8.848101,0.8610097,5.151626,0.45472953,"03. Inaya Day, Harry Romero - Just Can't Get Enough (Jamie Jones Extended Edit).flac",Defected Records,2
129.19921875,0.43789428,2797.593438095141,-133.93208,62.982864,13.89139,24.160393,4.1197143,9.188492,-3.783572,2.9536629,-5.480698,-0.4462713,-5.502313,-3.7334745,-6.398484,02. Todd Edwards - When Your Alone (A-Trak Extended Remix).flac,Defected Records,2
129.19921875,0.5114953,3791.444255897347,-127.95852,24.256353,-17.652494,-8.208047,-22.472078,-17.069242,-18.811068,-8.200228,-10.53034,-8.072831,-13.173084,-8.927224,-14.039232,01. Jamie Jones - My Paradise (Vintage Culture Extended Remix).flac,Defected Records,0
129.19921875,0.46649012,2552.943618071965,-157.63832,77.25969,-30.895922,-3.7272344,0.51102585,0.61503255,-7.7202616,6.329664,-6.092484,2.956278,0.23325303,1.0695913,-1.0393977,02. Mr. V - Somethin' Wit Jazz (Original Mix).flac,Defected Records,2
123.046875,0.44339532,1811.190788200068,-155.15291,92.49249,14.822552,34.215218,5.955026,18.157883,7.9228854,19.39865,7.9438596,11.969385,4.7843733,3.9536803,1.4310926,"30. CamelPhat, Elderbrook - Cola feat. Elderbrook (Made By Pete Extended Remix).flac",Defected Records,1
123.046875,0.6274851,3195.297908800023,-165.07675,37.877098,31.560925,26.462383,10.402659,19.449398,6.596664,10.832818,2.7648492,6.211786,4.7801685,4.1850686,2.208721,"01. Ferreck Dawn, GUZ (NL) - Friends Around (Set It Off) (Extended Mix).flac",Defected Records,3
129.19921875,0.5117296,3108.5006488251965,-154.22816,36.442753,-4.582641,23.465178,29.968054,35.864296,4.019331,8.900032,15.63265,10.2860985,0.5410605,3.2599065,-4.8287363,20. Johnny Corporate - Sunday Shoutin' (Harry Choo Choo Mix).flac,Defected Records,3
129.19921875,0.41758078,2557.5281502964635,-179.49358,64.93693,41.49819,44.861206,0.9230787,4.224224,-1.860714,0.95456535,-1.473454,2.7566707,-8.862883,-1.936048,-4.584481,01. Obskur - Rebel feat. SHELLS (Extended Mix).flac,Defected Records,2
129.19921875,0.20213795,2041.2979100935288,-301.7864,82.958405,-23.379698,-2.7547314,1.6748984,-19.726278,-43.831223,-18.176214,-11.554528,-15.04386,-20.321821,-11.045493,-4.8121276,"13. Terra Deva, Furry Phreaks - All Over The World (Version Remix).flac",Defected Records,1
129.19921875,0.58427894,3238.400227903426,-40.245617,55.468914,6.6346917,17.875345,4.7169437,15.032803,2.4391727,9.118237,0.032149937,8.540529,0.5177317,4.008204,-1.0748223,01. Zach Witness - Can't Get It Outta My Head (MK Extended Remix).flac,Defected Records,3
63.02400915,0.6069746,4152.599896228774,-95.11087,15.269511,9.994233,7.349472,-3.2168827,9.980516,-7.9897213,2.6098757,-3.85243,4.468729,-4.3789234,1.2015324,-4.611558,02. Riva Starr - Flying High (Extended Mix).flac,Defected Records,0
129.19921875,0.57572466,2765.561893522936,-145.11125,56.317844,22.920338,37.798965,6.232785,22.069311,6.5474133,11.294341,1.8888507,6.2328744,1.3681629,3.6281216,-0.076457635,"15. Latasha, Dave + Sam - You Da Shit Girl feat. LATASHÁ (Harry Romero Extended Remix).flac",Defected Records,2
123.046875,0.4767918,3228.179497560773,-94.92702,56.26492,21.448195,15.929656,11.433694,18.420935,2.4496567,15.014739,1.0136324,5.477289,-7.0645785,2.4788275,0.28193828,01. Dames Brown - What Would You Do feat. Andrés feat. Amp Fiddler (Two Soul Fusion Extended Mix).flac,Defected Records,3
83.35433468,0.6092791,2125.081169762801,-118.344284,79.61812,17.583797,39.456024,11.331268,26.207321,8.403206,13.286605,4.3903084,10.078602,4.5839562,7.333457,3.4041672,"01. Fish Go Deep, Tracey K - The Cure & The Cause (Idris Elba Extended Remix).flac",Defected Records,1
129.19921875,0.52415276,3776.313967871366,-183.26802,3.6463444,29.303896,16.51646,6.5588984,27.749674,21.766088,20.610468,-0.63390076,-2.511369,-11.332731,1.2450105,11.550547,01. Sam Divine - Take My Hand feat. Josh Barry (Extended Mix).flac,Defected Records,0
67.99958882,0.4862638,2682.252461003391,-146.8469,61.298622,-19.517555,22.798517,2.2610285,2.3837228,-2.8038492,-0.107061714,-3.091063,4.78159,-5.302869,3.0099447,2.4770732,02. Todd Edwards - Shut The Door (salute Remix).flac,Defected Records,2
123.046875,0.6416034,3732.0655878386574,-116.86909,28.285248,24.182241,19.53653,15.034921,27.157057,7.7062907,10.745562,8.289023,10.239459,7.0565453,8.6326475,5.6585574,06. Jean Caffeine - Jean's Train Of Thought (Original Mix).flac,Defected Records,0
123.046875,0.6042096,3567.387316293613,-102.6156,20.588785,55.049633,48.31232,0.036796357,17.038162,12.855107,19.472807,7.7161546,16.737434,5.7390227,10.044911,-1.7091104,28. Harry Romero - Scatter (Original Mix).flac,Defected Records,0
86.1328125,0.51781523,3088.2463058440003,-74.77664,54.662697,13.690249,13.870775,1.3535982,8.036022,4.165371,2.5527186,-3.4187782,5.528188,-5.2079773,2.5041754,-2.919027,02. Todd Edwards - Push The Love (Seb Zito Extended Remix).flac,Defected Records,3
129.19921875,0.5867732,3274.1649170926567,-228.64386,25.805725,18.471022,21.230343,5.6049223,20.584614,6.2965536,13.261458,1.1464483,5.955086,-3.4912014,0.97485566,-2.9909818,01. Todd Edwards - Show Me A Sign (Shermanology Extended Remix featuring Conquer Jones).flac,Defected Records,3
123.046875,0.53565556,3276.4333213465334,-140.48485,42.97352,10.460935,36.09216,9.58632,7.304349,11.950627,9.353798,0.3093857,9.099021,2.424305,2.9881897,-1.686101,09. Copyright - Warrior Dance (Yema Ya) feat. Shovel (Original Mix).flac,Defected Records,3
123.046875,0.56871325,3104.8639740841004,-57.367683,39.4601,17.715345,32.782036,15.373062,25.807055,5.6392465,15.864284,1.372711,8.66929,-1.4784673,4.348951,-1.0615435,"09. Rune, Claptone - Calabria (Claptone Extended Remix).flac",Defected Records,3
123.046875,0.5523962,3369.1612261530067,-112.89271,32.27289,14.178967,19.913475,7.861059,13.11383,-0.35276666,12.783817,2.263976,8.632959,3.1998706,7.09437,-1.3422458,01. Mike Dunn - When The Dust Clears feat. LOA. (MD Extended MixX).flac,Defected Records,3
129.19921875,0.5078542,2522.122951651443,-76.0868,69.01287,-3.7970881,15.898492,-3.8125057,9.749197,-0.5814001,4.530432,-7.125097,1.544815,-6.03313,0.34844592,-3.821982,01. Todd Edwards - The Dream (Royal-T Extended Remix).flac,Defected Records,2
161.49902344,0.6413035,2283.898644240296,-105.87054,63.11729,5.6244082,40.694218,4.665582,22.45011,6.8190284,14.506748,3.9446337,13.762447,4.949544,14.650398,3.6431723,02. YOURS - DÓNDE ESTÁ (Masters At Work Rowdy Remix).flac,Defected Records,1
117.45383523,0.5132255,2132.300118764138,-199.74525,65.86375,10.549829,37.153862,11.136539,13.795725,7.510475,5.835256,1.5735444,10.186271,0.14315462,1.884559,-0.69680613,43. Miguel Migs - Midnight Memories (Jimpster Extended Remix).flac,Defected Records,1
123.046875,0.58187115,3234.432223674141,-109.46926,36.86753,7.008501,31.647161,8.22953,11.899602,8.280571,13.076758,7.9061594,15.38864,6.7233033,8.180676,2.1881573,26. Freaks - 80's Throwback (Original Mix).flac,Defected Records,3
83.35433468,0.6276308,2202.1022896370737,-88.58126,96.38011,16.35987,20.502872,4.492785,15.329531,3.3562114,10.938132,5.988201,9.5193615,2.627486,10.037261,5.419462,01. YOURS - DÓNDE ESTÁ (Masters At Work Straight Beat).flac,Defected Records,1
83.35433468,0.55471796,2787.934701936192,-96.22801,61.274048,16.07902,21.665142,8.99342,11.97609,7.531433,10.647539,0.8390642,7.434402,-1.3518156,3.2941997,0.22448881,"02. Majestic, Todd Terry - Rhythm In My Soul feat. Jacquee Bennett (Extended Mix).flac",Defected Records,2
129.19921875,0.58773357,2553.248286243887,-322.40747,43.186035,48.03935,32.235023,16.761644,20.40255,5.4304137,13.830399,4.9438105,9.292408,3.7472703,5.287538,4.3326354,"01. Bipolar Sunshine, Mason Collective - People In Love (Extended Mix).flac",Defected Records,2
123.046875,0.5859056,3040.895735551648,-103.07251,44.296883,8.140521,14.364103,6.2840476,11.144818,6.9990683,11.831268,2.2736127,12.854786,4.92272,6.107706,2.3326786,"04. Toto La Momposina, Hugel - La Verdolaga feat. Totó La Momposina (Extended Mix).flac",Defected Records,3
123.046875,0.32737556,2169.065048085917,-154.39255,103.23936,-31.728857,17.412558,-5.5437937,1.7484105,-16.656296,-12.911547,-6.478134,-6.15286,-10.347436,-2.3443546,-11.504994,01. Payfone - Day & Night (Extended Mix).flac,Defected Records,1
123.046875,0.6293624,2941.1883738080496,-199.01724,27.303303,54.03235,43.90173,26.682173,31.719603,12.891213,17.772268,1.4243945,3.6741202,0.68225867,9.392532,0.9454399,"01. Sandy Rivera, Cristoph - Changes feat. Hayze (Extended Mix).flac",Defected Records,2
123.046875,0.55448127,2920.656524634588,-161.79634,28.203194,10.693073,40.061573,7.4479604,29.369059,17.029247,14.733646,9.192335,17.689497,8.409229,14.528015,6.729894,02. Archie Hamilton - Let The Light In feat. HQA (Extended Garage Dub).flac,Defected Records,2
83.35433468,0.5372069,2513.436300345684,-179.69513,65.65517,25.046478,25.489727,14.639803,28.563524,8.683209,2.9506164,1.7397058,14.852843,6.1503134,0.9723417,-5.579713,"01. Inaya Day, Harry Romero - Rise Up (House Masters Extended Edit).flac",Defected Records,2
123.046875,0.5176784,2186.7500944690933,-139.60379,95.86715,-8.374602,16.776554,5.1407504,14.673449,-3.234258,11.11475,5.2766447,-2.2021976,-1.6734064,-1.7234168,-6.2817307,04. Mr. V - The Drum (Mr. V House Masters Extended Variant).flac,Defected Records,1
129.19921875,0.5705233,3262.563907221508,-86.141136,50.943825,15.81146,15.666824,17.723328,19.346672,8.894887,11.966955,7.390378,8.233544,1.529216,10.930455,2.0978844,02. Todd Edwards - God Will Be There (Low Steppa Extended Remix).flac,Defected Records,3
129.19921875,0.49502018,2456.834768829633,-108.67064,72.82496,32.01112,26.433847,24.47583,26.04003,4.2112536,7.213445,-0.5494789,4.9454904,-2.7155497,-2.1304622,-7.3607507,"01. Nic Fanciulli, Calussa - Vente (Extended Mix).flac",Defected Records,2
83.35433468,0.5456629,2859.783150459564,-148.74425,51.9409,29.428768,27.921549,17.016571,19.967546,9.592762,12.498567,3.8851511,6.8848443,1.3758352,3.9399247,-0.4180578,01. Prunk - Keep It Simple feat. Rona Ray (Extended Mix).flac,Defected Records,2
129.19921875,0.6270792,3470.703822562716,-114.71915,48.495346,48.20571,4.030852,13.778689,20.883572,12.439262,13.828022,0.80797595,12.145944,-0.86129344,14.74506,-4.312881,20. Mr. V - Circle Track (Original Mix).flac,Defected Records,3
129.19921875,0.59769386,2596.6268383303363,-157.4444,48.21483,29.167019,35.88046,16.479033,30.730795,10.205125,14.515821,3.54144,8.504025,2.3139255,8.330371,3.9270813,"03. Hannah Wants, Jem Cooke, Sam Divine - Cruel Intentions (Extended Mix).flac",Defected Records,2
123.046875,0.56128967,3349.586652441012,-110.37054,40.337326,26.686703,19.394054,3.1310344,17.04506,3.1027927,11.360383,0.67979723,11.340607,4.3964505,4.753458,-2.0428944,23. Mr. V - Yo (Original Mix).flac,Defected Records,3
129.19921875,0.58427894,3238.400227903426,-40.245617,55.468914,6.6346917,17.875345,4.7169437,15.032803,2.4391727,9.118237,0.032149937,8.540529,0.5177317,4.008204,-1.0748223,15. Zach Witness - Can't Get It Outta My Head (MK Extended Remix).flac,Defected Records,3
117.45383523,0.5043157,3032.4894590619137,-129.01405,60.61001,25.80133,35.155056,3.72247,19.991331,-1.1476206,13.140054,-7.2416945,6.2403913,-7.7376494,0.5279925,-7.9802055,02. Candi Staton - Hallelujah Anyway (Jr SA Extended Remix).flac,Defected Records,3
129.19921875,0.68477803,3761.028294920548,-193.23831,-2.0951774,-9.304116,22.212866,5.802377,21.033003,7.611679,13.918339,4.465843,9.277545,4.2722893,9.143028,1.4766414,15. The Digital Kid - bLeePs and NoiSes (Original Mix).flac,Defected Records,0
123.046875,0.6018438,3577.8792464956423,-286.32523,3.9254835,59.810524,42.305656,26.193539,20.773066,19.778858,8.279342,10.268923,8.4858465,9.394634,2.8205004,0.20529293,"01. Ferreck Dawn, Maverick Sabre, New Machine - For The Weekend (Extended Mix).flac",Defected Records,0
129.19921875,0.49530616,3143.775183604895,-139.71341,57.34039,53.854397,30.813553,4.427905,22.281353,0.92386174,11.27095,3.1504326,-0.32207477,-0.8228006,3.2172394,-4.696986,25. Harry Romero - The City (Extended Mix).flac,Defected Records,3
123.046875,0.6045365,1686.192549846489,-229.61934,85.49864,56.615337,38.392864,18.042994,25.172915,12.550853,15.698351,4.642567,12.015167,8.671877,6.896456,4.7239604,23. Mr. V - Jus Dance (Dennis Quin Extended Remix).flac,Defected Records,4
129.19921875,0.4782328,2368.818279125101,-178.52208,47.480457,44.49061,37.153877,28.628033,35.510788,12.233729,23.782335,6.521214,13.981063,7.138061,12.881503,5.2304177,21. Gerd - We Bring U Muzik (Original Mix).flac,Defected Records,1
123.046875,0.48826957,2529.640055835088,-127.09179,75.461,48.98667,22.351135,15.314754,23.080584,6.0038342,11.333436,3.7823403,7.7226667,-1.5143645,6.5595403,1.1541554,"02. David Guetta, Jack Back, THEMBA (SA) - Give Me Something To Hold (Extended Mix).flac",Defected Records,2
83.35433468,0.4668756,2911.6212881143483,-134.62123,42.61179,10.154831,42.78056,12.465276,22.141163,3.1504712,5.2581472,1.0044281,7.976928,-3.5241003,-6.635621,-7.980546,"01. Ben Westbeech, The Vision, Kon - Hallelujah In Heaven feat. Andreya Triana (Groove Assassin's Supernova Extended Edit).flac",Defected Records,2
123.046875,0.534123,2641.441749656904,-153.70752,75.35076,25.65515,18.707655,11.394263,13.735959,1.8837891,4.7720046,0.1735665,6.4607515,1.2858434,4.833922,3.4542403,29. Mr. V - It's Broke (West London Bounce) (Album Mix).flac,Defected Records,2
117.45383523,0.54413706,1163.12024285217,-234.74594,102.285614,38.570263,43.528435,14.010251,30.866571,18.730396,18.991638,11.6412325,11.914429,8.927613,5.739392,3.2553117,02. Dennis Ferrer - Hey Hey (Da Capo & Kitty Amor Extended Remix).flac,Defected Records,4
123.046875,0.5407393,2263.392338474867,-139.96147,83.66901,41.153442,20.1758,18.621273,22.606812,2.8932762,8.381866,9.721424,5.527876,-4.7798834,0.1571736,-2.9603925,"11. Ron Carroll, Hot Since 82 - Preach feat. Ron Carroll (Extended Mix).flac",Defected Records,1
129.19921875,0.3614733,2802.2281118691144,-84.32004,75.21643,-12.405899,-9.805115,-22.184618,-14.858331,-20.796988,-16.354027,-19.767246,-14.607496,-14.289892,-7.0694704,-12.0436735,"01. Moby, Anfisa Letyago - You & Me (SG Lewis Extended Remix).flac",Defected Records,2
123.046875,0.5938006,2731.0837609693112,-294.25125,15.974451,28.738323,50.916965,36.408516,29.422546,15.824694,18.448647,13.919377,16.71682,10.12555,5.371969,2.086504,23. Freaks - Turning Orange (LoSoul Remix).flac,Defected Records,2
123.046875,0.588277,2276.610359993481,-201.56912,67.419975,24.726078,35.304432,11.544963,30.31993,9.335698,13.475154,7.979093,7.1744595,1.178886,3.1734998,-1.4534231,01. Ferreck Dawn - Life feat. Izzy Bizu (Extended Mix).flac,Defected Records,1
123.046875,0.5489827,3047.887276210594,-151.33386,19.106651,28.646568,45.314644,24.700117,31.325464,22.505234,21.342344,15.8247175,19.329578,7.047371,14.402362,5.0193877,29. Harry Romero - Mood Vision (Original Mix).flac,Defected Records,3
129.19921875,0.59769386,2596.6268383303363,-157.4444,48.21483,29.167019,35.88046,16.479033,30.730795,10.205125,14.515821,3.54144,8.504025,2.3139255,8.330371,3.9270813,"01. Hannah Wants, Jem Cooke, Sam Divine - Cruel Intentions (Extended Mix).flac",Defected Records,2
123.046875,0.61089236,2917.8884065758475,-132.76434,38.239338,25.646727,36.079163,8.044628,29.123276,13.433821,18.220692,11.94339,9.254845,7.6146364,7.8677897,5.081919,"17. Luke Solomon, Roual Galloway - Dance With Me feat. Cassio Ware feat. Vangela Crowe (Wild Mix).flac",Defected Records,2
129.19921875,0.6583921,4091.52264044407,-114.7433,9.571936,-3.3935716,7.9062605,2.372875,12.39712,1.3342392,6.5478983,1.4823241,7.3140244,-2.3606818,1.0507392,-4.4492292,"27. Dennis Ferrer, Janelle Kroll - Mind Ur Step feat. Janelle Kroll (Sam Divine Extended Remix).flac",Defected Records,0
129.19921875,0.588969,3218.7771490534574,-141.46068,44.731354,-5.801433,8.815435,0.6875854,11.29521,-2.1284482,0.601454,-4.915115,5.434077,-3.22293,-0.94712543,-1.779222,"02. Oden & Fatzo, THEOS - Fly Away feat. Noa Milee (Extended Mix).flac",Defected Records,3
123.046875,0.48427027,3527.0233426379696,-227.2307,47.093143,52.82099,15.388554,32.73753,13.20698,6.963327,13.019743,-0.69345117,3.430453,-0.81755304,-1.3237327,-1.8284204,09. Henrik Schwarz - Leave My Head Alone Brain (Luke Solomon Remix).flac,Defected Records,0
123.046875,0.51753587,2228.9015161112,-112.80907,91.45619,14.906058,13.862844,10.217997,11.255801,0.13398483,7.9224834,-1.2211884,4.029613,2.739135,1.6379191,-1.4535807,"30. DJ S.K.T, Iris Gold - 4am In London feat. Iris Gold (Harry Romero Extended Remix).flac",Defected Records,1
123.046875,0.5639753,1035.9655295905684,-200.679,148.6643,25.441322,23.560127,7.9472218,15.153713,8.797874,11.5446825,4.291972,6.857347,2.9483688,4.2801256,2.1934402,"44. Jamie 326, Jurgen Bouman - Live My Life (Extended Mix).flac",Defected Records,4
123.046875,0.62987477,3406.4326472116395,-123.0285,36.651344,51.0233,31.740282,23.09741,17.906096,8.7657995,13.997696,4.58881,13.860285,4.5030313,9.163422,1.2060717,01. David Penn - Reachin Out feat. Bemendé (Extended Mix).flac,Defected Records,3
123.046875,0.47802237,2885.474117547833,-147.16685,56.196003,36.07434,34.105915,7.407686,20.761381,7.476025,10.1213,1.8235687,3.3875234,-7.6946564,-2.044731,-8.521695,"24. Suzanne Palmer, Mark Picchiotti, The Absolute - I Believe feat. Suzanne Palmer (Harry's Deep In Jersey Dub).flac",Defected Records,2
63.02400915,0.5465162,2568.9418335109185,-129.52222,65.047844,39.350998,23.043144,19.415167,18.704779,4.920791,10.66127,2.4500823,5.937516,3.0033708,5.429563,-0.13255948,05. Jon Cutler - Its Yours feat. E-Man (David Penn Dub).flac,Defected Records,2
123.046875,0.47675645,1716.5955285414684,-195.12231,119.810616,-12.977211,26.740189,-0.008433387,15.387355,-4.4653893,4.020634,-5.544619,2.5388815,-6.632938,0.4359127,-1.7750293,23. Harry Romero - Revolt (Extended Mix).flac,Defected Records,4
123.046875,0.52542084,1928.6917786779168,-151.81255,98.097984,32.279247,25.043995,14.119898,2.756951,17.422474,6.5365076,9.384686,4.3320665,4.823056,1.8290124,-1.4649179,06. Teddy Douglas - Whatcha Gonna Do feat. Margaret Grace (Claude Monnet & Torre Main Mix).flac,Defected Records,1
123.046875,0.5600804,2140.471405143702,-163.26369,68.54314,33.806225,35.839233,6.228536,36.265156,5.0000367,22.80845,7.4046626,12.594691,9.259866,6.574255,3.4745288,"12. Honey Dijon, Tim K - Burn feat. Jason Walker (Luke Solomon's Slow Burn Dub).flac",Defected Records,1
123.046875,0.4726713,2102.591502997976,-173.839,76.79414,84.55558,33.301727,20.364288,19.439722,4.3525844,16.088623,-8.171428,5.6329756,-6.7913256,2.614195,-8.255655,10. Candi Staton - Hallelujah Anyway (Larse Extended VIP).flac,Defected Records,1
61.5234375,0.4097581,2521.4244994436376,-143.04935,69.95321,-5.481501,-6.0220413,-25.522537,-24.293465,-24.234394,-8.080727,-6.7927146,-0.72451526,2.8613782,5.3092895,-2.0703368,03. Powerdance - Power Dance (Mousse T.'s New Jersey Dub).flac,Defected Records,2
129.19921875,0.27756828,1343.7337138006849,-273.9629,162.7515,-59.727287,13.832452,-5.9136467,-4.5364923,-4.221381,-12.260911,-5.667303,-2.1686125,2.7807248,2.4603477,-2.862281,"05. Ministers De La Funk, Jocelyn Brown - Believe feat. Jocelyn Brown (Ministers Vocal Mix).flac",Defected Records,4
129.19921875,0.6475693,4119.050139628543,-83.36599,4.4414454,25.285015,20.677168,9.559292,19.44063,7.0047603,15.379392,8.082873,10.641057,4.43544,9.596895,4.8559623,01. Mau P - MERTHER (Extended Mix).flac,Defected Records,0
129.19921875,0.49796203,2217.781520168204,-101.71139,85.65784,3.7251997,42.305656,-11.285933,21.627722,-0.056035943,14.774879,5.1486425,7.8142385,3.4096892,-0.06497826,3.966507,32. Darius Syrossian - White Rabbit (Moxy Extended Club Mix).flac,Defected Records,1
123.046875,0.39767057,2787.3437837644447,-78.48933,64.33573,7.021283,28.716362,-1.6671286,5.5596704,-15.411588,7.7296743,-7.9493012,10.241771,-4.8657603,-0.8138677,-1.0185562,01. Purple Disco Machine - Beat Fantasy (Extended Mix).flac,Defected Records,2
123.046875,0.37548414,1177.6645942266896,-266.1655,121.034805,38.34367,27.971668,15.227315,6.687036,-1.7232878,-2.867892,-15.862178,-14.58639,-16.682714,-15.497726,-12.684806,31. Girls of the Internet - Sound Asleep (Extended Mix).flac,Defected Records,4
117.45383523,0.39923024,1744.393394038983,-159.3328,115.13481,-14.358347,28.998108,2.2239285,7.1005707,7.137182,4.289643,0.08804061,9.632544,-2.9092839,2.9974363,-3.467539,"01. Adam Port, Keinemusik, Theus Mago - The Dream feat. Martina Camargo (Extended Mix).flac",Defected Records,4
123.046875,0.59492224,2129.033792969489,-206.08325,71.288376,46.00995,37.26645,7.4496746,23.950102,4.968627,12.1469145,3.596783,5.5332656,7.2802615,9.56631,10.739984,"09. Mr. V, Miss Patty - Da Bump feat. Miss Patty (Âme Original Remix).flac",Defected Records,1
123.046875,0.494192,1635.7648516249772,-214.98027,107.537636,-9.889547,31.33491,15.704111,12.06746,19.69641,8.669873,14.789451,5.4696674,3.2441444,0.14911985,1.2584804,19. Mr. V - The Drum (Original Mix).flac,Defected Records,4
129.19921875,0.6583921,4091.52264044407,-114.7433,9.571936,-3.3935716,7.9062605,2.372875,12.39712,1.3342392,6.5478983,1.4823241,7.3140244,-2.3606818,1.0507392,-4.4492292,01. Dennis Ferrer - Mind Ur Step feat. Janelle Kroll (Sam Divine Extended Remix).flac,Defected Records,0
123.046875,0.5771077,2251.96220556042,-187.56975,66.775116,43.581173,29.494244,12.963901,20.81684,12.436838,21.966589,5.037671,11.460393,10.649724,11.8365555,1.3960127,"06. Carlos Mena, Mr V - Fire La Chocha feat. Carlos Mena (David Mayer Mix).flac",Defected Records,1
123.046875,0.536154,1807.859063224076,-204.16621,83.90694,95.51852,47.03847,25.394894,23.966074,-0.7072306,14.918141,-5.8104787,12.42111,-6.3044534,6.453533,-2.8957543,45. Acid Jerks - Chocolate Factory (Extended Mix).flac,Defected Records,1
123.046875,0.5757164,2883.645140593699,-45.042393,49.56472,8.519275,43.786034,2.3439937,18.784817,5.9293118,16.208067,4.8895407,11.487669,3.2499084,9.541914,1.1162283,35. Powerdance - Fantasy Light (House Version).flac,Defected Records,2
123.046875,0.6445737,2953.6305599219395,-148.80627,43.97322,0.08125858,26.05355,6.2464066,22.381468,7.554432,14.906935,7.1332774,12.066655,5.16556,8.244479,2.5936704,"07. Inaya Day, Harry Romero - Just Can't Get Enough feat. Inaya Day (Choo Choo's Main Vocal Mix).flac",Defected Records,3
129.19921875,0.55921495,3082.057474580644,-117.56509,48.979176,19.956394,17.859783,5.8793864,23.883274,10.029734,13.839048,4.1168547,5.6700797,0.92403257,4.164968,-0.39228562,01. Soulsearcher - Cant Get Enough! (Prunk Extended Remix).flac,Defected Records,3
63.02400915,0.47557718,2324.125241830998,-149.72484,85.9578,13.695004,6.7101483,8.304952,17.240358,5.5393033,14.732469,3.8596063,8.848886,1.9296898,2.166303,0.5569962,"01. Wolfram, Josh Ludlow - YoYo Disco (Club Dub).flac",Defected Records,1
123.046875,0.6045365,1686.192549846489,-229.61934,85.49864,56.615337,38.392864,18.042994,25.172915,12.550853,15.698351,4.642567,12.015167,8.671877,6.896456,4.7239604,03. Mr. V - Jus Dance (Dennis Quin Extended Remix).flac,Defected Records,4
123.046875,0.6279711,3711.41123182336,-201.76497,-0.6998771,52.862144,27.329645,12.985809,19.040472,11.636542,20.319479,3.7448034,15.982673,7.153181,9.657094,5.733236,18. Freaks - Black Shoes White Socks (Cajmere Remix).flac,Defected Records,0
123.046875,0.5596778,2893.9828358459827,-98.74601,52.564568,26.51453,34.27237,20.695349,20.148918,6.0262637,14.386528,4.0383105,8.785231,1.2523538,2.5853214,3.7991724,"05. AMP Fiddler, Luke Solomon - Come On Over (Extended Mix).flac",Defected Records,2
123.046875,0.54965556,3417.962986200192,-114.004326,35.644035,-3.9571664,1.1892039,-2.8681493,1.4044858,-4.82241,-1.7715219,-10.564655,0.82786024,-3.4218853,5.471134,1.268063,01. OFFAIAH - Find A Way (Extended Mix).flac,Defected Records,3
123.046875,0.5175193,1499.6719977582684,-174.4921,97.49156,68.51496,35.945305,16.430386,29.66064,10.36544,12.3587265,9.101094,10.097746,5.03829,8.355636,0.7087994,"26. Dave Aju, Guillaume & The Coutu Dumonts - The Chase feat. Dave Aju (Harry Romero Extended Remix).flac",Defected Records,4
129.19921875,0.41696543,2463.34822014754,-91.585175,78.10733,4.2522964,36.47364,-10.348997,12.183326,-9.213477,1.1110232,-8.303105,-4.2296553,-6.890022,-4.749958,-9.197749,01. Larse - A Part Of (Extended Mix).flac,Defected Records,2
123.046875,0.44970047,1617.3756667065434,-106.191925,97.96948,41.98361,35.27964,23.26061,18.005045,7.146866,13.278276,1.3234872,11.095993,0.20117025,9.312105,3.8012817,"02. SeeMeNot, Aaaron - Mother Reign feat. Fanny Vannier (Original Mix).flac",Defected Records,4
123.046875,0.3449411,1373.2153546641546,-198.92993,114.644714,-30.304016,21.405323,-3.2786672,-21.315203,-10.859916,-16.557447,-20.846806,-13.603889,-19.928572,-11.838479,-2.6492364,"39. Steve Bug, Cle - Let It Go (Original Mix).flac",Defected Records,4
129.19921875,0.5541467,3306.605479100895,-72.613235,16.585052,12.604345,45.813236,9.23392,19.715326,1.7991915,9.902105,4.4551196,11.327464,3.3285007,7.135167,2.9835088,"22. Darius Syrossian, Olive F, Fountain Sound - Cereal Groover feat. Fountain Sound (Extended Mix).flac",Defected Records,3
123.046875,0.44081888,3736.8252057844734,-120.255554,29.900122,-14.579894,-17.461823,-16.120567,-12.49237,-11.977939,-0.8054974,-15.094935,-1.5834923,-4.0429587,-3.482863,-8.588766,01. Todd Edwards - Shut The Door (Más Tiempo Extended Mix by Skepta & Jammer).flac,Defected Records,0
123.046875,0.47101456,1833.3500496556192,-243.454,96.89703,39.130623,24.618753,2.9527342,8.386689,2.1476526,2.3108532,2.3167403,6.036637,0.6470739,4.0511975,-3.6341221,01. Arielle Free - Feels So Good (Extended Mix).flac,Defected Records,1
83.35433468,0.57261896,1831.9188230062623,-105.72797,114.46304,4.4906583,27.00352,14.598917,20.964014,10.841868,12.243105,5.576438,7.0020785,3.722408,1.9747276,-4.4780803,19. Deetron - Dr. Melonball (Extended Mix).flac,Defected Records,1
129.19921875,0.6386445,3756.732120224292,-89.825485,26.189623,36.010315,14.963465,10.060236,18.871672,3.6508002,9.246012,1.3880624,11.379539,7.178295,5.8076673,6.441613,01. Todd Edwards - Restless Soul (LP Giobbi Extended Remix).flac,Defected Records,0
123.046875,0.62798864,3032.435057662846,-107.28079,45.71695,17.09828,38.511635,18.116121,29.999771,5.5054107,12.058356,3.5506678,10.888349,2.9935062,7.165243,3.4754007,"31. Nick Maurer, Luke Solomon - The Acid Games feat. Nick Maurer (Original Mix).flac",Defected Records,3
129.19921875,0.36212277,2734.2426385457297,-167.03162,85.340195,-5.1648097,-2.792996,2.8609936,9.890891,0.18253613,-2.2199128,-5.9222097,-2.4205637,-7.02742,-5.4659452,-4.831792,12. Mr. V - Mr. Bongo (Hello Children) (Original Mix).flac,Defected Records,2
129.19921875,0.6133456,3490.7782060407058,-110.489105,20.957472,12.583252,21.956446,-1.6278632,20.972054,1.7246766,7.1155686,-2.7134576,8.802131,-3.6719675,3.3672261,0.14457154,"19. Inaya Day, Harry Romero - Rise Up (Extended Club Mix).flac",Defected Records,3
123.046875,0.64717424,3459.6719201903,-82.82598,9.858223,-7.8874307,29.607338,7.7454224,23.704576,10.592076,14.401216,3.7485068,10.664869,4.6146965,11.0625105,4.2647204,01. John Summit - La Danza (David Penn Extended Remix).flac,Defected Records,3
129.19921875,0.5046117,2033.5862554456733,-178.45422,92.65105,23.61895,29.156317,3.087313,9.109764,-5.88823,0.79768187,-6.5547667,-2.507684,-7.600988,-6.684622,-5.4099045,"26. LP Giobbi, Bklava - Sinner (Extended Mix).flac",Defected Records,1
123.046875,0.510183,2458.186744784604,-104.4865,69.07966,-2.1655486,31.199394,12.907266,30.990654,8.533338,18.080585,4.5208764,9.35274,0.2545224,5.175028,0.3515225,04. Honey Dijon - Personal Slave feat. Charles McCloud (Harry Romero House Masters Extended Remix).flac,Defected Records,2
117.45383523,0.46451685,3266.780877220552,-169.39153,60.860607,29.904306,5.596603,-14.067589,-1.0096563,-6.789779,-2.1647384,-8.967127,-6.7829747,-11.980719,-2.9485457,-6.6953063,01. FCL - It's You (Alex Wann Extended Remix).flac,Defected Records,3
123.046875,0.6045365,1686.192549846489,-229.61934,85.49864,56.615337,38.392864,18.042994,25.172915,12.550853,15.698351,4.642567,12.015167,8.671877,6.896456,4.7239604,01. Mr. V - Jus Dance (Dennis Quin Extended Remix).flac,Defected Records,4
123.046875,0.5791055,3241.796406098921,-86.801056,50.21686,24.278467,16.522612,1.8127464,15.405335,4.995479,9.555748,0.4708796,9.078223,2.8499982,3.7674236,0.7659248,17. Mr. V - H.O.U.S.E (Original Mix).flac,Defected Records,3
117.45383523,0.49874473,2349.824228281905,-114.28674,68.06118,25.070436,42.571865,21.470404,19.10705,9.024732,14.616513,5.737606,16.730396,0.5641914,3.9309552,-2.2926974,"29. Horse Meat Disco, Kathy Sledge - Jump Into The Light (Original Mix).flac",Defected Records,1
123.046875,0.5847203,2130.566745776277,-186.49731,44.985943,-2.892563,41.36513,15.334915,29.51138,21.745893,20.252054,17.30359,20.654732,8.718129,9.598106,2.3772347,18. Harry Romero - I Love (Extended Mix).flac,Defected Records,1
83.35433468,0.65859395,3226.19922459242,-165.31326,21.597517,1.4906981,31.6157,8.710759,26.788107,10.8724785,16.327702,7.482037,14.523543,5.617589,10.806284,3.379383,10. Harry Romero - Mongobonix (From Beneath The Earth's Crust) (Original Mix).flac,Defected Records,3
123.046875,0.5668906,4805.088211961461,-110.58677,19.811913,44.150208,17.962223,7.43769,3.0619302,-0.43723416,-3.6246674,1.4238131,3.8744006,-5.9803367,5.364552,-8.964748,"20. Terry Grant, Luke Solomon - Sinners Blood feat. Terry Grant (Terry Grant Remix).flac",Defected Records,0
117.45383523,0.51591647,2853.714194492697,-126.25595,44.34356,36.60642,35.484287,8.777117,23.525806,7.436293,12.286824,-1.7167398,4.333487,-6.8104515,0.9662727,1.6288337,"02. Inaya Day, Harry Romero - Rise Up (Deep In Jersey Extended Mix).flac",Defected Records,2
123.046875,0.4767918,3228.179497560773,-94.92702,56.26492,21.448195,15.929656,11.433694,18.420935,2.4496567,15.014739,1.0136324,5.477289,-7.0645785,2.4788275,0.28193828,"13. Andrés, Dames Brown - What Would You Do feat. Andrés feat. Amp Fiddler (Two Soul Fusion Extended Mix).flac",Defected Records,3
123.046875,0.6122173,2703.8219480109565,-116.90119,65.520226,14.210425,30.358353,-1.0564232,22.003881,7.5045214,14.84971,11.616787,16.524788,8.290282,8.4852085,3.9564998,42. Dave + Sam - Sauce (Manoo Buzzin Extended Vocal).flac,Defected Records,2
123.046875,0.5589911,3494.558534899666,-129.9091,17.021456,25.268011,37.082855,15.467722,21.838814,3.8574948,14.298432,5.656715,6.052244,4.162741,13.646384,-0.7728933,"14. Luke Solomon, Sam Lynham - Stop The Riot feat. Sam Lynham (Original Mix).flac",Defected Records,3
129.19921875,0.5541467,3306.605479100895,-72.613235,16.585052,12.604345,45.813236,9.23392,19.715326,1.7991915,9.902105,4.4551196,11.327464,3.3285007,7.135167,2.9835088,"01. Darius Syrossian, Olive F - Cereal Groover feat. Fountain Sound (Extended Mix).flac",Defected Records,3
123.046875,0.42506462,3177.264094634689,-98.39463,39.65256,31.451223,36.7309,13.028739,25.335062,2.3544142,6.6497784,-4.7417607,0.6450702,-10.614099,0.7492676,-5.0984206,"01. BLONDISH, KeeQ - The Cure feat. Chloe Paige (Extended Mix).flac",Defected Records,3
123.046875,0.5616129,3609.4893134796216,-282.9035,17.53358,-1.4341929,27.267693,14.9664345,9.40432,0.7617913,3.1929371,-3.5474384,5.184223,-3.658871,6.405409,-3.9196382,"09. Robert Owens, Harry Romero - I Go Back feat. Robert Owens (Main Mix).flac",Defected Records,0
63.02400915,0.54612845,3410.9674351142166,-105.337296,47.453827,-8.755307,4.4351597,9.413981,15.654493,-7.435897,9.243527,4.508167,7.261131,2.3405147,1.3339372,-3.1861863,30. Cratebug - Melondrop (Luke Solomon's Savage Body Edit).flac,Defected Records,3
83.35433468,0.5372069,2513.436300345684,-179.69513,65.65517,25.046478,25.489727,14.639803,28.563524,8.683209,2.9506164,1.7397058,14.852843,6.1503134,0.9723417,-5.579713,"31. Inaya Day, Harry Romero - Rise Up (House Masters Extended Edit).flac",Defected Records,2
129.19921875,0.5589761,3004.3626143768693,-101.45523,48.722706,20.485435,14.21228,10.632536,13.612039,-2.6189992,11.564094,2.5547915,10.057809,2.7561376,4.257227,-0.64869976,17. Johnny Corporate - Sunday Shoutin' (TSHA Extended Remix).flac,Defected Records,3
129.19921875,0.52238685,2427.8893084539204,-96.44416,72.545815,29.274294,26.907413,17.04475,25.336199,7.5167446,10.254941,3.5553885,9.793284,-0.22424826,5.818266,1.4007944,"01. Oden & Fatzo, Poppy Baskcomb - Tell Me What You Want (Extended Mix).flac",Defected Records,2
129.19921875,0.44341412,2005.341175238085,-248.30435,79.362206,16.889158,35.67849,12.469556,11.08518,2.9414954,4.383066,-4.117054,5.4356623,-4.1731977,-2.217753,-5.0403566,"11. Mr. V, Tony Touch, Candela - Put Your Drink Down feat. Candela feat. Tony Touch (Louie Vega Mix).flac",Defected Records,1
123.046875,0.56806374,1401.2288320767568,-186.4422,108.30744,28.254738,36.03101,10.408273,18.638653,12.635354,6.055991,6.285766,2.2514381,2.2648597,4.021797,2.44478,01. Hannah Wants - Cure My Desire feat. Clementine Douglas (Themba Extended Remix).flac,Defected Records,4
123.046875,0.64512646,3068.241600795385,-86.87779,47.7366,7.6385493,21.493176,2.262122,21.433004,3.8821523,11.465045,7.8367434,9.762677,1.8861961,8.417058,-0.13891748,"17. Joeski, Harry Romero - Sex Poem (Extended Mix).flac",Defected Records,3
123.046875,0.51949614,2876.52184199765,-129.0043,42.180157,29.800121,39.861042,21.188648,20.710257,9.3470745,13.27863,7.977232,7.618743,1.9848213,5.126306,-0.86738366,01. A'studio - SOS feat. Polina (Skylark Remix - Nic Fanciulli Extended Edit).flac,Defected Records,2
83.35433468,0.5556277,3025.602002336629,-131.68513,45.691425,23.681396,23.026138,9.367751,33.81285,1.6268163,20.51193,0.28515247,8.575948,4.141002,8.909885,1.5767493,"08. Louie Vega, Harry Romero, Vega & Romero - El Ritmo (Original Mix).flac",Defected Records,3
64.59960938,0.5115949,3970.690908288229,-97.240776,11.65342,8.254608,10.432733,-4.7873006,11.385091,-9.375519,3.7260761,-1.8901047,7.3360615,-3.0455358,2.911571,-4.6525397,02. Zach Witness - Can't Get It Outta My Head (Extended Mix).flac,Defected Records,0
123.046875,0.577726,3486.801747222814,-115.32614,21.437876,-3.951453,27.466358,5.513116,20.597708,7.77421,8.951651,3.2813728,12.694915,0.6429868,9.31229,2.8082542,"21. CeCe Rogers, Jack Back - Freedom (Harry Romero Extended Remix).flac",Defected Records,3
123.046875,0.39767057,2787.3437837644447,-78.48933,64.33573,7.021283,28.716362,-1.6671286,5.5596704,-15.411588,7.7296743,-7.9493012,10.241771,-4.8657603,-0.8138677,-1.0185562,06. Purple Disco Machine - Beat Fantasy (Extended Mix).flac,Defected Records,2
123.046875,0.6544381,2587.813931327329,-103.26862,73.14752,31.975292,21.744196,11.329091,22.677279,5.9476967,11.729621,5.006584,13.3228035,3.2942257,5.1980667,-4.076209,02. S.A.M. - Spotlight feat. Sarah Ikumu (Mousse T. Extended Discoid Mix).flac,Defected Records,2
123.046875,0.51197016,2884.979911940807,-111.81996,19.217205,24.385086,44.656956,17.318533,28.607737,12.146782,19.681496,13.175936,15.830943,6.8991933,10.472553,4.4455943,01. Riva Starr - Feel The Heat feat. Mike Dunn (Extended Mix).flac,Defected Records,2
123.046875,0.4176172,1109.6631532930985,-260.40866,108.57705,15.821602,27.07146,13.209025,12.481681,7.033129,4.7626925,-0.9911099,7.2128906,1.0926175,2.8221815,0.9433216,02. SeeMeNot - Borderline (Roman Flügel Remix).flac,Defected Records,4
117.45383523,0.51797634,3382.2889267374826,-209.45946,37.494053,-7.9092855,3.3101,-4.954828,3.6085,-7.3003097,2.4172437,-8.207184,0.91782874,-5.63862,-3.3431933,-5.9157286,01. Myst Milano - No Shade (Extended Mix).flac,Defected Records,3
129.19921875,0.58833784,2642.3148526289447,-137.87292,63.574703,0.76951635,24.043133,19.287348,13.732456,7.4589763,9.634067,2.969308,11.156016,1.9897814,7.525658,4.9374146,28. Gemini - In My Head (Freaks Move This Way Vocal Dubby).flac,Defected Records,2
129.19921875,0.48187232,2557.692352974356,-88.97387,75.47906,-4.6522007,25.22492,2.9907405,19.02361,9.099407,12.737219,2.9783466,10.944673,-7.464596,6.788193,-5.5863414,"02. Todd Edwards, Alex Mills - Wishing I Were Home (Extended Mix).flac",Defected Records,2
123.046875,0.5141218,2995.142999692051,-90.33166,61.75982,37.15343,30.290655,11.71664,17.493738,-0.97909355,7.737005,-4.0932555,10.123792,-3.252006,3.2556016,0.18451448,02. Dames Brown - What Would You Do feat. Andrés feat. Amp Fiddler (Expansions NYC Extended Dub Vocal).flac,Defected Records,3
129.19921875,0.6654959,2488.675293657589,-112.05634,56.81088,22.510782,43.348785,15.957591,28.25729,12.151265,15.256077,9.079187,12.671283,6.5251074,9.394337,4.817996,01. Breach - Jack (DC Extended Jack Track).flac,Defected Records,2
123.046875,0.54067737,2145.602627368231,-81.05983,83.12922,17.102833,25.811184,11.00898,24.333004,6.6261973,5.5728188,-0.17714119,5.0772057,-2.592423,4.236374,2.6729074,"03. SeeMeNot, Moojo - Do Dat feat. Lass (Original Mix).flac",Defected Records,1
129.19921875,0.57972074,3363.207634955287,-199.90038,41.83698,8.689409,11.369198,3.36355,11.290009,1.6343933,4.683937,-1.5772508,6.8177137,1.2635837,3.4117882,-3.762489,"29. Intruder (A Murk Production), Jei - Amame feat. Jei (Dunmore Brothers Extended Remix).flac",Defected Records,3
123.046875,0.62042594,2671.6444814835795,-136.84578,59.183067,29.447296,26.553696,7.524169,29.69463,11.995481,16.719278,11.563683,14.429452,6.972446,9.562392,5.3736916,"08. Mr. V, Louie Vega, SanXero - Let's Freak feat. Mr. V feat. Louie Vega (Louie Vega Remix).flac",Defected Records,2
123.046875,0.52102804,2244.159401285463,-143.21288,71.666245,52.8496,26.153976,19.85738,25.760582,6.883624,15.954102,3.0427997,10.46479,1.2044855,6.2102027,6.1485186,01. Dennis Ferrer - Hey Hey (Jack Back Extended Remix).flac,Defected Records,1
123.046875,0.5167367,2066.3424633205987,-133.87065,85.49556,30.234758,30.57189,12.475671,19.040323,6.788101,7.8691545,2.7672899,9.299454,3.690039,7.3830194,3.729449,04. Todd Edwards - Shut The Door (Reiss Ruben Extended Remix).flac,Defected Records,1
123.046875,0.5803473,2481.266596532488,-199.4647,73.737305,10.609869,29.66389,17.290478,16.016914,7.126403,8.004793,7.030514,10.129772,3.6709476,8.428103,1.8510267,07. Freaks - The Creeps (You're Giving Me) (Extended Almost 12 Mix).flac,Defected Records,2
123.046875,0.526044,3397.6825738360603,-138.57413,31.187809,40.70597,26.326668,13.233032,17.843967,7.1736975,9.519059,5.969913,8.715744,-0.7939928,4.475732,-4.5157785,01. YOURS - DÓNDE ESTÁ (Extended Mix).flac,Defected Records,3
123.046875,0.55831254,2497.4374187327394,-150.26212,69.99734,40.56688,37.77543,29.845673,19.993977,9.067319,21.414732,3.881482,12.517208,0.91963893,9.13273,-0.99772954,22. SeeMeNot - Borderline (Jamie Jones Extended Remix).flac,Defected Records,2
123.046875,0.47142968,2012.8846303634305,-144.25215,86.65382,36.832394,26.951254,12.589045,13.968209,12.721377,13.797281,0.36596888,7.0767083,2.125115,6.117101,-1.809672,"04. SeeMeNot, Chaim - Believe In We (Original Mix).flac",Defected Records,1
64.59960938,0.49477965,3944.642893106833,-111.997246,9.000413,-0.98916256,7.8686824,-12.096423,5.383504,-14.962239,-3.1535804,-7.9631104,1.3300014,-3.893269,1.899289,-6.879656,01. Zach Witness - Can't Get It Outta My Head (Zach's Club Dub).flac,Defected Records,0
123.046875,0.48661196,3396.1343269615336,-196.83899,22.1963,23.715157,15.2434635,1.8723435,16.109846,-3.501415,7.354114,-2.4346037,3.5774198,-3.779098,-1.8451195,-3.938559,"01. Eddie Fowlkes, Dames Brown - Do It (Original Mix).flac",Defected Records,3
129.19921875,0.50741345,3638.9760676816863,-14.198989,40.109562,0.69199735,11.675203,-4.8081055,9.898766,-6.250393,4.1401043,-4.4314637,6.5364323,-0.12662159,0.15032221,-6.2468066,03. Majestic - My Love For You feat. Barbara Tucker (Extended Mix).flac,Defected Records,0
117.45383523,0.49712688,3013.682657798365,-102.122536,51.825874,7.31162,11.897802,4.7155075,9.555115,-8.675409,-0.29385594,-2.1974754,0.50461674,-3.785073,4.671473,1.7023203,03. YOURS - CALLING (Extended Mix).flac,Defected Records,3
123.046875,0.5945016,2842.2631979455896,-138.3015,49.68162,38.04197,26.26995,19.320494,23.86451,8.087495,10.928096,10.950977,12.551743,7.6151223,9.692814,4.1689634,08. Shuya Okino - Shine feat. Diviniti (Mood II Swing Dub).flac,Defected Records,2
129.19921875,0.4890048,1848.145137405681,-246.30891,81.972305,60.885666,34.203117,20.657314,27.843527,7.602189,15.583953,3.4749222,5.4980454,-4.4581485,-2.3556018,-3.477443,22. Mr. V - Make Peace (Original Mix).flac,Defected Records,1
129.19921875,0.4735447,2731.0412335188207,-219.78683,80.9145,-6.0611196,4.467811,24.762156,14.221506,-3.4378457,8.828792,-4.2898583,-3.5732908,-6.7020383,-1.2440224,-3.1816447,16. Mr. V - Go Downtown (Original Mix).flac,Defected Records,2
129.19921875,0.4758992,1708.859286396952,-162.03535,107.35783,33.40388,23.80182,15.875351,16.965569,6.305767,6.378028,-3.4503174,-2.5911899,-7.04718,1.4686685,0.2937936,"02. Nic Fanciulli, Butch - I Want You (Butch Dub).flac",Defected Records,4
123.046875,0.5599348,2401.4979344632616,-309.45377,77.642944,38.603775,32.260384,9.2890215,19.288818,7.2424626,9.231618,5.8197446,6.27039,4.8221045,3.3794274,1.4862823,"14. Ferreck Dawn, Clementine Douglas, Meduza - I Got Nothing (Ferreck Dawn Extended Mix).flac",Defected Records,1
117.45383523,0.4118878,3140.614945989777,-149.18074,49.17267,47.461296,22.191751,-2.9750328,3.2143025,-8.994034,-3.6304307,-9.870613,-3.5012574,-10.861884,-3.2709463,-12.937593,01. YOURS - LOVE MIGHT MAKE ME BETTER (Extended Mix).flac,Defected Records,3
129.19921875,0.5483522,1796.655017348446,-221.95152,85.44166,44.415066,30.132612,26.294756,36.174534,13.707408,26.76933,4.835191,14.52117,-0.081854805,5.5611815,2.6142333,01. YOURS - DON'T KNOW WHERE I'M GOING (Extended Mix).flac,Defected Records,1
123.046875,0.58316666,3511.4679849526524,-88.18814,20.151775,2.03452,29.224825,-0.7527343,17.888123,2.8024833,10.936893,2.062852,6.828967,-3.6643565,-1.8665936,-7.4509015,01. Larse - A Part Of (Riva Starr Extended Saturn Mix).flac,Defected Records,3
123.046875,0.5922271,2964.222488750564,-92.583786,44.28351,33.401127,36.919773,19.56643,24.788511,12.629681,14.66708,7.5794206,9.240048,3.1891947,5.664299,-0.73693174,"01. Bob Sinclar, A-Trak - Deep Inside Of Me (Extended Mix).flac",Defected Records,3
83.35433468,0.5772855,2966.1550423603708,-105.05219,42.31073,36.22926,24.77922,12.2433,16.528097,3.9722114,10.387945,3.9307919,8.874685,0.6598717,3.924071,-1.541964,06. John Summit - La Danza (Extended Mix).flac,Defected Records,3
123.046875,0.56871325,3104.8639740841004,-57.367683,39.4601,17.715345,32.782036,15.373062,25.807055,5.6392465,15.864284,1.372711,8.66929,-1.4784673,4.348951,-1.0615435,01. Rune RK - Calabria (Claptone Extended Remix).flac,Defected Records,3
123.046875,0.617352,3314.203161038728,-80.90387,51.64852,12.676764,24.219065,14.95457,18.760645,9.706602,14.308397,1.3856201,2.1793275,-0.3301696,1.7768555,-1.359636,08. Lukatron - Revolution (Original Mix).flac,Defected Records,3
129.19921875,0.5230324,2003.4953923295168,-156.21243,76.390434,43.768787,32.046017,7.07499,13.027003,11.284459,12.939896,6.3905025,11.791073,7.3304906,10.074757,3.174777,"25. Yousef, The Melody Men - Hear That Sound feat. The Melody Men (Club Mix).flac",Defected Records,1
129.19921875,0.48985833,2607.6120984393046,-130.56734,56.754124,45.217834,48.31961,15.412644,27.947916,9.763421,15.227614,7.3972673,12.06574,2.5533383,4.6318755,-2.0431886,01. Junior Sanchez - Hit It feat. NEZ (Chicago) (Extended Mix).flac,Defected Records,2
123.046875,0.5091742,2773.7511939279857,-67.67554,71.97433,-23.075214,3.5373986,-16.61678,-1.6663096,-19.229305,-7.711179,-10.759567,-2.178649,-6.5763903,-3.5677392,-8.835087,01. LP Giobbi - Giodisco (Extended Mix).flac,Defected Records,2
123.046875,0.5266144,1486.3330954027274,-285.21692,82.25139,68.17277,41.95545,21.32749,18.621113,6.428088,9.639793,10.048411,11.610178,5.494948,12.442613,8.000757,25. Mr. V - SOLE-Ocho (Original Mix).flac,Defected Records,4
123.046875,0.6042489,3028.4912155832194,-66.34143,61.146866,11.085844,23.465984,5.759699,5.621144,5.2660217,7.9911284,-4.218115,7.63528,0.8455782,6.784694,2.9005818,16. Red Rack'em - Wonky Bassline Disco Banger (Leopard Eats Luke Edit).flac,Defected Records,3
123.046875,0.62095934,3804.756516221512,-143.13538,17.65872,17.414925,29.788126,11.490652,20.26877,2.7630708,8.308205,-1.8005832,1.2432041,-3.3678129,-0.04303248,-5.6578507,"18. David Penn, Leon Stanford - Push The Feeling feat. Leon Stanford (Extended Mix).flac",Defected Records,0
123.046875,0.6442192,690.7366115418013,-282.82748,113.94014,17.951733,20.407412,8.881783,22.886408,30.931604,30.79763,19.417856,14.846496,4.2915473,0.51747733,3.0774019,02. Breach - Jack (Jonathan Kaspar Extended Remix).flac,Defected Records,4
60.09265988,0.4839102,1675.3687751443815,-174.37605,97.48198,23.697077,41.952244,15.597378,28.703838,4.977295,15.678509,1.9845908,9.701555,-1.1800579,7.0744705,0.049715355,"01. Kid Fonque, Sio - Rekindled (Extended Mix).flac",Defected Records,4
129.19921875,0.5401032,2551.980571318509,-173.31702,55.141907,28.866564,39.26776,17.752808,24.885666,5.985512,17.992466,6.8347697,13.555191,4.6134443,8.978555,3.3894768,03. Mr. V - V Gets Jazzy (Dance Ritual Mix).flac,Defected Records,2
129.19921875,0.47826147,2503.39545099751,-108.655754,75.09416,9.581067,25.904306,13.215057,10.533004,7.0924935,4.4594145,2.358724,7.3367825,-2.0729575,4.333297,0.0548022,04. Todd Edwards - Never Far From You (DJ Q Extended Remix).flac,Defected Records,2
123.046875,0.59163177,3592.1350128436607,-47.204136,28.756113,4.834598,22.8031,15.96255,18.101099,0.82100224,13.178665,0.65860087,6.2548904,3.137376,8.419794,4.796941,"24. Proper Villains, Cakes Da Killa - Don Dada (Honey Dijon & Luke Solomon's Extended Alcazar Remix).flac",Defected Records,0
123.046875,0.5094413,3086.746531641287,-161.71596,60.830654,11.9845705,12.96506,4.078153,9.351301,3.390153,4.251074,-1.6530682,5.2114105,-1.4284906,1.2689067,0.48726675,24. Mr. V - Un Dia Bonito (Original Mix).flac,Defected Records,3
123.046875,0.64781255,2639.7868400737334,-128.35611,53.289085,38.41542,36.216022,-3.5166385,24.722683,6.9074426,12.997042,13.709633,10.3283415,5.570387,13.966313,6.540437,"22. Luke Solomon, Natalie Broomes - We Go feat. Natalie Broomes (Extended Club Mix).flac",Defected Records,2
95.703125,0.43571958,2212.865753278166,-193.11049,66.67851,10.419187,34.788925,9.598941,23.549633,6.986602,1.9991285,-4.5697775,3.1476502,-7.715348,0.46912265,-0.1579382,02. FCL - It's You (Red D & Lady Linn Live Mix).flac,Defected Records,1
123.046875,0.6305767,2636.3064327430875,-120.02736,27.832466,3.8675532,45.489647,13.478546,29.392197,18.462355,21.7065,12.391522,20.523882,8.903244,14.846336,8.159513,11. Harry Romero - Revolution (Deep In Jersey Extended Mix).flac,Defected Records,2
123.046875,0.6293624,2941.1883738080496,-199.01724,27.303303,54.03235,43.90173,26.682173,31.719603,12.891213,17.772268,1.4243945,3.6741202,0.68225867,9.392532,0.9454399,"20. Sandy Rivera, Cristoph, Hayze - Changes feat. Hayze (Extended Mix).flac",Defected Records,2
60.09265988,0.4839102,1675.3687751443815,-174.37605,97.48198,23.697077,41.952244,15.597378,28.703838,4.977295,15.678509,1.9845908,9.701555,-1.1800579,7.0744705,0.049715355,"13. Kid Fonque, Sio - Rekindled (Extended Mix).flac",Defected Records,4
123.046875,0.56076485,2237.425571720235,-156.49971,91.23843,14.956698,29.06152,10.973839,11.474641,3.2373426,2.4195817,-2.8879044,3.5133197,-2.9813156,-2.4371176,-9.784724,06. Todd Edwards - Can't You Believe (Jay Robinson Extended Remix).flac,Defected Records,1
123.046875,0.35256588,2380.194725509776,-194.61702,72.891205,14.634548,21.081448,0.7770381,3.04864,-3.776241,0.55488724,-4.8885436,-1.9237878,-5.577809,-4.898593,-7.379875,01. CamelPhat - Cola feat. Elderbrook (Tutara Peak Remix).flac,Defected Records,1
123.046875,0.56363547,3873.898925269616,-134.33533,29.164606,11.141863,12.205001,14.005862,11.602868,0.6331515,11.139984,-2.8512578,7.7475615,-2.9167426,4.152305,0.23904414,21. Freaks - Telefunky (B.H.Q. Low Maintenance Reversion).flac,Defected Records,0
123.046875,0.6823486,2818.050898543589,-72.510216,54.084473,16.437445,31.7234,8.738295,18.345444,2.232733,9.107975,1.3004048,12.286983,5.1315126,12.297132,6.117433,03. YOURS - DÓNDE ESTÁ (Masters At Work Disco Dub).flac,Defected Records,2
129.19921875,0.5437896,1824.9096625223413,-199.34099,84.37998,33.133694,13.41151,15.546086,18.21055,14.639246,22.262335,17.445778,22.654522,8.375646,6.2491937,2.7158017,01. Hannah Wants - Hard To Breathe feat. Hannah Boleyn (Extended Mix).flac,Defected Records,1
123.046875,0.62095934,3804.756516221512,-143.13538,17.65872,17.414925,29.788126,11.490652,20.26877,2.7630708,8.308205,-1.8005832,1.2432041,-3.3678129,-0.04303248,-5.6578507,01. David Penn - Push The Feeling feat. Leon Stanford (Extended Mix).flac,Defected Records,0
129.19921875,0.41761935,2706.6816862870915,-103.11143,70.65677,-3.1681688,12.329696,-11.28107,-1.8744864,-7.449509,-5.337285,-10.74443,-6.1574817,-9.994574,-3.0148666,-9.489823,04. Todd Edwards - Thank You (MPH Remix).flac,Defected Records,2
129.19921875,0.5645108,1824.1610440513527,-183.01566,82.38263,45.717255,36.509014,20.660782,27.302963,14.419556,13.915716,8.069486,10.776899,5.5378,10.535389,4.931937,01. B Beat Girls - For The Same Man (Nic Fanciulli Extended Remix).flac,Defected Records,1
129.19921875,0.6133456,3490.7782060407058,-110.489105,20.957472,12.583252,21.956446,-1.6278632,20.972054,1.7246766,7.1155686,-2.7134576,8.802131,-3.6719675,3.3672261,0.14457154,"01. Inaya Day, Harry Romero - Rise Up (Extended Club Mix).flac",Defected Records,3
123.046875,0.59074605,3427.8699108759524,-94.36809,20.337559,29.868935,51.23515,-9.221907,33.131126,3.282708,23.68978,10.273151,18.273159,5.410963,13.607894,5.802092,03. Mr. V - Mr. Bongo (Hello Children) (Butch Extended Remix).flac,Defected Records,3
117.45383523,0.4691468,2842.420997444088,-67.02715,62.043343,28.827145,19.769161,8.421781,19.435972,11.463796,11.46166,5.14656,7.636136,5.854346,5.3726325,-2.4122984,19. Powerdance - Power Dance (Original Mix).flac,Defected Records,2
129.19921875,0.5878651,3402.386448344196,-173.59413,32.416737,18.887165,23.932312,19.704397,13.059464,7.8221226,10.153465,6.0600634,8.261761,1.0069793,5.5001154,4.564285,10. Blaze - Breathe (Mr. V's SOLE Channel Mix).flac,Defected Records,3
123.046875,0.54776645,3725.818493059408,-94.91978,34.380882,33.79244,18.447641,13.880763,18.947048,4.2856617,5.0187325,0.39665464,3.5232239,-5.0758595,0.37777248,-3.0381098,05. YOURS - IN THE MORNING (Extended Mix).flac,Defected Records,0
63.02400915,0.5896962,2738.2848919411736,-149.65503,43.034405,5.74655,28.415592,5.9016433,14.74002,1.7695506,9.378782,0.023780657,13.221011,-1.2007128,9.307552,1.9691759,"02. Eddie Fowlkes, Dames Brown - Do It (Zach Witness Extended Remix).flac",Defected Records,2
63.02400915,0.598159,2042.0523469050108,-166.8406,70.1051,26.860306,36.413647,16.086412,20.602865,9.541199,13.86438,5.0707545,7.965204,5.3911505,10.290653,6.6669226,12. MD X-Spress - God Made Me Phunky (HCCR Extended Remix).flac,Defected Records,1
129.19921875,0.57972074,3363.207634955287,-199.90038,41.83698,8.689409,11.369198,3.36355,11.290009,1.6343933,4.683937,-1.5772508,6.8177137,1.2635837,3.4117882,-3.762489,01. Intruder (A Murk Production) - Amame feat. Jei (Dunmore Brothers Extended Remix).flac,Defected Records,3
129.19921875,0.6048626,3055.1059667327063,-133.48582,37.138412,16.652208,31.817736,10.786748,22.375616,4.635177,14.287771,2.5769677,12.218636,4.696037,9.367218,3.300512,03. Todd Edwards - Shut The Door (Lucas Alexander Extended Remix).flac,Defected Records,3
123.046875,0.59095085,2315.770603970545,-95.75401,70.541466,-0.5544033,30.570797,11.564317,18.60228,7.316849,12.271017,-0.21518473,5.1988134,-1.1146067,4.3391356,-0.36091807,"01. IDRIS, Una Rams - Go Deeper (Extended Mix).flac",Defected Records,1
123.046875,0.6164489,3429.89332431301,-116.20955,9.074583,14.9110365,25.938679,11.682469,31.126022,8.022995,13.43021,8.260119,16.552921,5.627815,8.388196,2.1817906,"22. Joeski, Harry Romero, Shawnee Taylor - Get It Right feat. Shawnee Taylor (Club Mix).flac",Defected Records,3
129.19921875,0.5915365,2362.210004050416,-146.51117,80.53968,37.629528,20.85584,22.37157,10.113769,6.6929536,6.2763815,3.8108485,7.040055,1.7162585,-0.22770837,-0.6640916,"03. Danny Clark, Jay Benham - Wondrous feat. SuSu Bobien (ATFC's Lectrotek Vocal).flac",Defected Records,1
123.046875,0.623918,3234.484025432536,-165.63037,31.252825,23.103878,36.151203,9.164904,29.119677,7.996231,13.800893,0.07465752,6.3064723,2.1671867,2.844322,-0.57792217,01. Ferreck Dawn - Better feat. Jena (Extended Mix).flac,Defected Records,3
123.046875,0.522889,2079.024118640583,-199.85017,69.999695,30.631767,26.159992,12.107154,15.710452,3.9773846,5.7498326,-3.1145372,5.3650584,4.2284636,3.9337695,0.75006986,01. Dames Brown - What Would You Do feat. Andrés feat. Amp Fiddler (Folamour 12 Remix).flac,Defected Records,1
123.046875,0.39087117,2240.591957550333,-246.61111,75.95851,39.40751,9.930324,10.662563,8.279043,-4.4849114,0.26129964,-8.934399,-6.915534,-7.368716,-10.209627,-4.6737537,26. Mr. V - Origins (Original Mix).flac,Defected Records,1
129.19921875,0.46626914,1882.4791103397968,-172.4587,84.2396,27.397987,39.96785,10.61155,23.910793,15.278778,16.625856,10.459008,14.191311,2.5386708,6.9249315,3.1085,01. Shermanology - Sometimes (Extended Mix).flac,Defected Records,1
123.046875,0.5556772,3445.5553633267377,-128.28206,29.798416,42.54777,27.06421,15.20808,31.055172,13.729012,17.037453,6.6221957,11.361672,0.99891156,7.3783755,4.5694532,"13. Honey Dijon, Charles McCloud - Personal Slave feat. Charles McCloud (Harry Romero Remix).flac",Defected Records,3
129.19921875,0.59604144,3175.932267422665,-130.76729,37.239876,18.53793,19.678743,14.003132,18.669743,8.557604,9.983879,5.6772885,8.385579,2.959168,7.2656097,1.2230427,"37. Dennis Ferrer, Disciples - Whisper feat. James Yuill (John Summit Extended Remix).flac",Defected Records,3
123.046875,0.5553117,2008.7893774442944,-198.32504,81.7889,24.187431,27.929464,20.626076,16.084475,9.144905,13.630368,3.5633075,10.400112,4.864714,6.902673,1.493463,"01. CeCe Rogers, Jack Back - Freedom 2024 (Extended Mix).flac",Defected Records,1
83.35433468,0.6092791,2125.081169762801,-118.344284,79.61812,17.583797,39.456024,11.331268,26.207321,8.403206,13.286605,4.3903084,10.078602,4.5839562,7.333457,3.4041672,"24. Fish Go Deep, Tracey K - The Cure & The Cause (IDRIS Extended Remix).flac",Defected Records,1
123.046875,0.58711773,2547.9452223258863,-165.12485,51.336033,7.389129,39.86419,4.8743916,32.85537,4.2784467,17.102083,4.9265122,11.396898,5.564622,9.031448,3.8676872,"35. Ferreck Dawn, Jem Cooke - Back Tomorrow (Extended Mix).flac",Defected Records,2
123.046875,0.43857482,2454.6676600214228,-113.57761,85.18558,-12.877389,22.27699,7.0256357,8.781788,-7.0707035,6.658296,-6.831546,5.9468493,-10.6459055,-1.6819633,-8.115489,"01. Wolfram, Josh Ludlow - YoYo Disco (Purple Disco Machine Extended Remix).flac",Defected Records,2
123.046875,0.45894533,3078.460942720333,-128.40506,64.68524,41.716835,13.2696295,10.492422,15.867892,-4.433681,13.469645,-4.925812,7.983976,-1.3444648,2.0083773,-2.8259125,"01. Luke Solomon, Queen Rose - Light You Up feat. Queen Rose feat. Amy Douglas (Original Mix).flac",Defected Records,3
123.046875,0.5320012,3060.3027216222595,-89.49053,46.29296,23.25359,30.647488,10.789871,25.009377,6.7131023,13.446501,3.479918,11.203458,3.2643132,4.173701,-2.5566301,"03. Kenny Hawkes, Louise Carver - Play The Game (Space Children Extended Love Mix).flac",Defected Records,3
161.49902344,0.41862226,1516.627132258508,-159.27348,123.04415,13.209004,37.139267,5.8480163,3.4065328,15.999524,2.761629,-6.776033,14.778455,-0.64205444,3.730245,7.9768043,03. Dames Brown - Glory feat. Waajeed (Kelly G. Love Ritual Club Mix).flac,Defected Records,4
117.45383523,0.51268744,847.842394033904,-335.5713,129.52306,40.15016,17.630726,14.89951,12.183486,14.931297,15.606979,2.631083,4.519101,-0.47613904,0.66826713,15.285002,"02. Fish Go Deep, Tracey K - The Cure & The Cause (Atmos Blaq Extended Remix).flac",Defected Records,4
123.046875,0.41271102,2430.15972691076,-260.1269,61.177124,6.4931397,8.881209,-2.4773903,1.8613142,-3.1439126,-0.31925204,-2.6793134,1.0460339,-6.952686,-2.2241042,-3.9017715,06. YOURS - IN THE MORNING (Maverick Sabre Remix).flac,Defected Records,2
123.046875,0.52394354,2341.277295694779,-95.65157,75.598595,23.069027,30.602095,13.69108,18.748606,10.928575,14.794308,10.428389,12.825616,4.5441537,7.7044463,-3.6424541,02. Tensnake - Coma Cat (Chloe Caillet Extended Remix).flac,Defected Records,1
123.046875,0.510183,2458.186744784604,-104.4865,69.07966,-2.1655486,31.199394,12.907266,30.990654,8.533338,18.080585,4.5208764,9.35274,0.2545224,5.175028,0.3515225,"34. Honey Dijon, Charles McCloud - Personal Slave feat. Charles McCloud (Harry Romero House Masters Extended Remix).flac",Defected Records,2
129.19921875,0.40097696,1395.429325859987,-204.86092,131.6631,39.943523,13.079985,11.53478,17.199001,3.703065,7.2355766,-2.6438203,5.2662506,-2.217867,4.2125263,2.9513137,02. Isolee - Beau Mot Plage (Heaven & Earth Re-Edit).flac,Defected Records,4
123.046875,0.5764488,4428.822049641531,-135.26659,32.135612,23.482725,2.0076177,1.8493078,5.220305,0.005526067,3.6014786,-4.4882865,-1.2200402,-8.772641,-2.3253975,-4.3865395,"01. Kings Of Tomorrow, Julie McKnight - Finally (Mochakk, Jay Mariani & Cesar Nardini Extended Remix).flac",Defected Records,0
123.046875,0.6039527,2991.224463989139,-81.38437,47.188126,21.351107,41.84586,11.45731,28.206366,10.027383,13.39031,0.55204475,7.43356,-1.1889488,3.437316,-2.008425,02. Harry Romero - Revolution (House Masters Extended Edit).flac,Defected Records,3
123.046875,0.5036779,2217.521020862537,-130.10246,56.04893,28.470285,40.69377,43.725834,20.365358,20.604147,13.856633,11.468089,13.255565,0.13585219,8.569403,4.813146,25. Luca C & Brigante - Invisions feat. Roisin Murphy (Luke Solomon Body Vocal Mix).flac,Defected Records,1
129.19921875,0.4934723,2322.218795898614,-157.5454,65.103325,10.890052,40.13368,5.2073,11.600539,-4.1916313,3.0351176,1.5538114,5.914094,4.6153154,3.343431,-3.5095146,03. H.C.C.R. - Son Of Mongo (Original Mix).flac,Defected Records,1
83.35433468,0.57401454,2876.1674382541346,-131.06316,40.28184,27.154215,21.417068,17.338894,26.383732,2.3893673,15.328548,4.997475,13.13955,2.108256,8.335515,3.2045937,24. John Summit - In Chicago (Extended Mix).flac,Defected Records,2
123.046875,0.4723363,2703.5969783599367,-156.28717,74.042885,42.87614,15.937585,2.5761132,8.576778,5.275946,2.127534,-1.1950898,2.094908,-2.9725158,2.2626646,-7.3133087,18. Mr. V - I Can Sing (Original Mix).flac,Defected Records,2
123.046875,0.5656996,3772.004901462769,-88.619446,8.938931,1.1158228,12.89627,9.474774,18.600956,6.3030987,12.181909,5.886164,12.288194,10.361468,9.48766,4.6249228,34. Floorplan - Get My Mansion Ready (Extended Mix).flac,Defected Records,0
129.19921875,0.472097,1933.9081373630493,-168.27522,91.52197,44.965786,38.741737,13.533974,14.43926,5.683874,10.817552,10.464623,4.0552454,4.820731,4.48487,0.23546177,04. Kings Of Tomorrow - Can’t Stop feat. Rae (Wahoo Club Remix).flac,Defected Records,1
161.49902344,0.35214362,1290.4240959926803,-280.69287,146.60695,-18.175817,14.577701,-16.260422,-0.6255172,-9.67984,-14.67774,-16.89838,-9.157891,-14.977234,-5.1427426,-10.248076,"01. SeeMeNot, Eli Escobar, Aminata - GeneSis (Original Mix).flac",Defected Records,4
117.45383523,0.54413706,1163.12024285217,-234.74594,102.285614,38.570263,43.528435,14.010251,30.866571,18.730396,18.991638,11.6412325,11.914429,8.927613,5.739392,3.2553117,12. Dennis Ferrer - Hey Hey (Da Capo & Kitty Amor Extended Remix).flac,Defected Records,4
123.046875,0.48422647,3100.263020242358,-148.99763,55.558643,38.348946,16.176361,9.54563,15.288554,10.043153,18.793024,9.425689,7.259852,-1.6899766,-1.2076049,6.721566,10. Luke Solomon - Interceptor feat. Natalie Broomes (Luke Solomon Main Mix).flac,Defected Records,3
123.046875,0.5523962,3369.1612261530067,-112.89271,32.27289,14.178967,19.913475,7.861059,13.11383,-0.35276666,12.783817,2.263976,8.632959,3.1998706,7.09437,-1.3422458,"27. Mike Dunn, LOA. - When The Dust Clears feat. LOA. (MD Extended MixX).flac",Defected Records,3
83.35433468,0.6419246,4122.920087827851,-88.85187,0.546937,13.957605,18.041924,2.4201512,14.106042,2.877192,8.62558,1.1124325,7.3560786,1.1250869,4.6164064,0.08267335,04-Low Steppa & Tony Romera - Dance To The Music (Extended Remix).flac,Toolroom Records,1
129.19921875,0.61107695,3325.101428536798,-140.3948,27.285692,26.696764,30.216393,11.964073,24.435019,11.144963,15.66686,5.4798007,11.22618,3.2663903,5.619665,-2.773201,28-Guz & Thomas Newson - The Middle (Extended Remix).flac,Toolroom Records,4
123.046875,0.56361747,3537.86212154041,-106.853645,44.174686,3.9235516,9.066491,-1.0291713,2.126652,-0.9107717,1.3110465,-2.2435431,8.211955,1.215841,3.2463584,-3.1416605,28-Marien Baker - Pa' Abajo (Extended Mix).flac,Toolroom Records,4
129.19921875,0.50018364,2146.918011599235,-122.87415,86.5243,15.109284,35.971035,9.447089,17.795092,6.917324,8.80671,-0.30287185,3.6886082,-2.0988564,12.536985,5.952948,41-Raumakustik - Shiguli (Extended Remix).flac,Toolroom Records,3
83.35433468,0.48380843,3145.650411826476,-35.435116,48.788307,0.16057046,7.8825617,-4.0216594,5.520898,-8.07876,9.640944,-4.2823606,2.9407864,-5.449521,-0.1765508,-3.4808602,"01. Crusy, Dombresky - El Beso (feat. Mathieu Ruz) (Antho Decks Extended Mix).mp3",Toolroom Records,0
129.19921875,0.61042196,3250.1968544657043,-112.23469,43.617355,22.128468,19.262299,-1.803378,13.843505,-1.3921473,6.850815,-2.2681336,0.88284653,-2.2556977,1.7488742,-4.255278,06-Thomas Newson - Gucci Belter (Extended Mix).flac,Toolroom Records,0
64.59960938,0.56451637,2994.9037482088297,-99.34619,37.194023,11.661535,32.550316,7.529599,26.037659,8.081373,16.483925,9.790755,14.026139,8.174351,10.847264,6.5039034,09-Lauren Lo Sung - Like This (Extended Mix).flac,Toolroom Records,0
129.19921875,0.65346885,3265.422320655991,-124.05062,22.699594,14.861658,19.110798,12.667224,21.626644,11.446424,14.978689,9.158342,14.5990715,5.5683217,7.5918107,2.522251,20-Jenn Getz & Alfie & LOVRA - Broke (Extended Remix).flac,Toolroom Records,0
123.046875,0.45619816,3023.1683310271656,-138.95671,55.42104,34.54428,21.711205,-0.17785682,6.505523,-1.6152102,4.2854624,-3.2323213,-0.91436577,-4.807877,-3.3670266,-12.023123,25-Sllash & Doppe & Jorge Aguilar Y Sus Embelecos - Tombolero (Extended Remix).flac,Toolroom Records,0
123.046875,0.5130283,3617.8350809601634,-73.532364,24.09003,-27.050093,5.0492067,-5.372965,5.36275,-6.2091327,0.771206,-17.4432,-1.2399299,0.8903092,7.269189,-7.4890857,28. Tough Love - Higher (feat. Medusa - Extended Mix).mp3,Toolroom Records,4
129.19921875,0.59898984,3358.219413922028,-64.75477,29.762232,-5.741463,9.123337,5.41657,17.887363,4.1860704,6.6528034,-0.034998465,9.2268305,1.9127666,9.18562,0.33919618,11-Maur & Dave Spoon - At Night (Extended Remix).flac,Toolroom Records,4
129.19921875,0.5741056,2935.5759692488864,-88.29914,52.180317,28.056526,22.844896,10.711736,21.325644,5.3389344,11.303368,2.8627923,9.354193,1.255346,8.730666,1.162073,29-Retna - System (Extended Remix).flac,Toolroom Records,0
129.19921875,0.5918732,2766.4160250567807,-141.51035,56.21187,22.142147,33.95211,7.7596893,17.39015,7.921268,12.211722,3.8989263,6.8345966,0.15855405,2.8327487,-0.39723942,15-Malikk - My House (Olive F Extended Mix).flac,Toolroom Records,2
83.35433468,0.6067125,3313.548196232434,-71.20696,33.37197,-0.6313892,18.81652,8.426647,20.02959,4.744522,9.639879,3.2538435,10.285112,2.7772887,3.076545,-3.3617058,08-Low Steppa - Holte (Extended Mix).flac,Toolroom Records,4
123.046875,0.50155336,2992.106719534157,-116.21749,45.65601,13.878904,14.886851,0.31191167,15.352616,-0.36340573,7.7928863,0.677587,3.9098547,-2.233054,2.0578482,-5.4590044,27-HP Vince - Alright Tonight (Extended Mix).flac,Toolroom Records,0
63.02400915,0.47352782,2909.6318977852275,-102.26339,63.10175,21.710058,23.805973,9.325423,14.57447,3.2316816,1.7526319,-3.5128052,2.62173,-5.0885043,-1.3522404,-3.6150846,"29-Jesús Fernández, Javi Reina, Daveartt - Noche y Día (Extended Mix).flac",Toolroom Records,0
129.19921875,0.53000176,3522.3475976561417,-47.2862,37.7201,-3.2275345,7.258629,-8.9703,4.7298856,-3.78111,-3.5926692,-1.6230518,-1.6983246,-1.9642334,-0.6247683,-5.704285,13-Martin Ikin & Winnie Ama - Control It (Extended Remix).flac,Toolroom Records,4
129.19921875,0.60314226,3754.216277111111,-59.154243,33.08169,14.013248,12.178813,0.7536319,8.9679165,-5.151048,1.7186655,-8.460051,-0.19048373,-5.972244,2.366601,-4.1705184,40-Camila Jun - The Giggle (Extended Remix).flac,Toolroom Records,1
123.046875,0.506824,1741.7449292536232,-124.422646,114.642586,-10.208359,18.115799,-11.551501,3.679696,-6.9139013,-3.6797767,-3.575698,0.21554367,-1.7197802,-0.2513216,-2.27269,43-Rene Amesz - Mind & Body & Soul (Extended VIP Edit).flac,Toolroom Records,3
129.19921875,0.5625609,2901.0853866643624,-158.69528,25.048424,23.271524,38.68787,11.999758,28.839687,16.988094,21.50195,12.068456,17.16819,6.8599205,9.620301,0.4093935,"33. Neverdogs, Yaya - You Don't Know (wAFF Extended Mix).mp3",Toolroom Records,0
129.19921875,0.58995575,2761.017789934326,-150.10413,62.35796,5.3566957,17.304502,2.7395945,10.320877,-0.8612873,4.3129635,0.47516757,1.7059009,1.6493062,3.4950447,-4.4419756,47-N2N - Don't Talk To Me (Extended Mix).flac,Toolroom Records,2
123.046875,0.5823564,3619.775918226897,-86.30478,26.541754,28.467913,29.353098,15.402341,24.562307,5.8763647,14.78616,1.3358397,9.909553,0.6048792,4.2371755,-5.868121,19-Dino Sauce - So Hypnotic (Extended Mix).flac,Toolroom Records,4
129.19921875,0.6558087,1932.260654754639,-183.51256,56.616245,52.15197,42.7558,25.356077,36.444515,15.450259,19.65083,8.813174,10.79524,7.54884,8.381193,4.965812,35-Shiba San & Cid & All U Need - Bring It Back (Extended Remix).flac,Toolroom Records,3
129.19921875,0.56380415,3423.7288601665814,-175.07114,19.286173,61.60126,31.83465,26.348886,27.933817,14.345238,17.941212,3.9406247,12.465275,2.6777868,6.97722,1.287749,39-Deltech - Work That (Extended Mix).flac,Toolroom Records,4
129.19921875,0.62757486,3492.4111042796217,-117.6019,34.740204,35.729534,22.671688,15.300185,23.94442,8.181287,15.668516,3.2742178,12.543165,2.88709,8.2907,1.3030806,"20-Maxinne, Ammo Avenue - The Come Up (Extended Mix).flac",Toolroom Records,4
129.19921875,0.55487657,3102.648717930289,-108.12938,46.73851,9.112255,10.054813,4.5659013,15.970213,-0.8423218,0.9787084,-4.2486763,2.5612242,-7.404524,-4.526246,-8.169314,20-Qubiko - U Must Try (Extended Mix).flac,Toolroom Records,0
123.046875,0.6139008,3464.87252219864,-84.72192,23.401333,28.95419,32.56001,14.452165,28.733643,3.8771696,15.164599,4.3798203,15.401121,2.6792912,6.7175474,1.3647617,17-Mark Knight & James Hurr - You Take Me Higher (Extended Remix).flac,Toolroom Records,4
123.046875,0.60373974,2987.409369987077,-120.19391,62.70284,43.8207,19.820642,14.317936,13.387961,3.2868078,5.4652543,3.8209448,9.195274,0.42042953,8.919902,3.264436,31-Allan Piziano - Mumbata (Extended Mix).flac,Toolroom Records,0
123.046875,0.60624695,3739.5773079763767,-93.06082,29.317259,5.025901,11.729123,1.4510819,9.888712,-4.05338,4.2340226,-3.537982,4.6914706,-1.5695113,4.157998,0.896929,48-James Haskell Ft. David Lesal - Lose Your Mind (Extended Remix).flac,Toolroom Records,1
129.19921875,0.5125866,3011.449974520708,-112.43816,52.948765,23.719322,18.658125,4.552802,15.684849,3.4433808,10.878416,-5.8443365,3.5760245,-1.1631249,2.6508777,-2.1452346,46-Trace - Do It Like Me (Extended Mix).flac,Toolroom Records,0
129.19921875,0.6225732,4109.567390493462,-90.39983,16.730965,37.286007,18.104734,14.868089,19.117998,9.809146,13.237432,3.18903,10.515238,4.315648,9.088211,4.32297,"01-Weiss, James Hype - Feel My Needs (Extended Mix).flac",Toolroom Records,1
123.046875,0.57910883,3882.1835865567255,-65.16774,27.831266,8.769246,9.779028,1.7842387,12.545177,-2.7382753,1.3163942,-11.958586,-0.624617,-5.8411074,0.22541681,-5.5322304,"46. Yvvan Back, Modegroove - Diva Fluta (Extended Mix).mp3",Toolroom Records,1
83.35433468,0.61871016,3977.197650404409,-69.08322,21.72148,35.668694,15.583196,12.603002,18.491623,4.522553,9.337209,5.1530714,6.486204,1.0431733,5.5337067,2.73893,38-Danny Rhys - Switch (Extended Remix).flac,Toolroom Records,1
123.046875,0.56322575,3196.1448566651643,-68.18864,34.300934,16.559258,29.624323,10.634432,27.864733,9.284451,14.170387,8.153639,12.587747,1.7518117,4.55767,2.6846964,16-Roland Clark - Get Deep (Extended Mix).flac,Toolroom Records,0
129.19921875,0.5744905,3545.9365131804057,-113.84365,14.111276,1.3854322,24.652388,5.30598,17.629541,1.3971664,8.673254,1.6391736,9.306712,2.711624,5.240831,-0.19938532,25-CASSIMM - You Must Feel (Extended Mix).flac,Toolroom Records,4
123.046875,0.55793,3216.157598239991,-54.633648,58.61511,17.834621,16.493237,0.052675795,6.5534115,-6.571868,6.366545,-1.1930871,1.57249,-5.9995213,0.26390392,-6.3674836,"06. Crusy, Hugel, Jenn Morel - KLK (feat. Joelii - Extended Mix).mp3",Toolroom Records,0
129.19921875,0.63395905,3471.8691008420665,-49.799934,30.479498,17.26733,22.690481,3.3443983,20.896542,5.843441,7.8670816,2.2471483,8.484598,1.5669423,4.8121576,0.72683036,26. Fletcher Kerr - Gotta Be Real (Extended Mix).mp3,Toolroom Records,4
66.25600962,0.6021067,3655.537055118661,-46.680283,25.257061,4.0215645,6.2473855,1.4810065,14.178655,-3.414903,9.461454,-2.5492465,6.7419844,3.3951004,4.176477,3.077722,11-Nicole Moudaber - Rise Up (Alev Tav Extended Mix).flac,Toolroom Records,4
129.19921875,0.6124239,2524.034594958011,-159.3836,41.68032,18.402063,43.483215,16.368553,23.578922,15.61164,16.564596,4.633749,8.734505,3.5468886,3.828408,-0.66596043,19-Nausica - My Body (Extended Mix).flac,Toolroom Records,2
117.45383523,0.4622826,3069.570875541037,-77.66009,61.005356,2.5227463,17.324818,2.7167528,11.876325,-2.2096748,5.7785563,-2.9377675,5.68051,-3.104988,0.74565566,-3.1529946,37-Opolopo - Situationship (Extended Mix).flac,Toolroom Records,0
129.19921875,0.53042126,3268.0817235428467,-107.89007,49.577152,14.73677,10.833191,-5.2132473,5.6239057,-7.9519234,1.1733472,-8.310475,0.01296912,-6.84386,-2.5886843,-7.4440894,27. GW Harrison - Caliento (Extended Mix).mp3,Toolroom Records,0
129.19921875,0.6130688,3920.9497561322737,-69.76546,21.225224,25.17904,17.046995,3.7983484,14.394483,-2.810085,1.7843876,-7.1063223,1.3140016,-3.9070961,-1.5475794,-5.175302,31-Johan s - Bah Bah (Extended Mix).flac,Toolroom Records,1
129.19921875,0.6542755,2595.118455047829,-149.80904,57.028503,24.810078,26.394556,12.8906765,17.497023,6.8732886,11.722393,2.8325517,9.978813,3.7414389,8.117795,2.1054623,35-Kimara - Smoke (Extended Mix).flac,Toolroom Records,2
86.1328125,0.5805881,3010.3596899078184,-150.53099,32.9341,4.943185,22.568949,3.721719,18.084316,2.0653431,12.308596,3.703205,10.929516,-0.08268941,7.292343,1.7813627,48-Jerome Price - On My Mind (Extended Mix).flac,Toolroom Records,0
123.046875,0.5764901,3280.3475773289256,-118.89199,32.858456,-0.6167385,22.767279,8.2812195,8.069403,-2.8397686,7.2304077,-1.8306714,3.7862272,-0.24924594,4.0798354,-0.99328727,26-Format B - Wrong Feels Right (Extended Remix).flac,Toolroom Records,0
129.19921875,0.57221496,3641.8815206961226,-107.868385,29.264221,40.204224,38.761433,6.2896185,9.989574,3.7542305,8.926969,0.07860553,4.5017915,-3.5277126,2.264759,-1.9802575,"49-96 Vibe, Namık, RaeCola - U Got Dat (Extended Mix).flac",Toolroom Records,4
123.046875,0.53836524,3510.4052542349923,-89.079956,20.142923,-4.202239,18.726696,2.0262606,10.364418,-0.17184211,6.5581083,0.8209293,8.546689,1.526519,5.504667,-2.1123471,07-David Penn & Offaiah - Satisfied (Extended Remix).flac,Toolroom Records,4
129.19921875,0.55046415,2667.153017396499,-76.195885,66.55105,9.169246,27.541573,13.727947,12.096038,0.14242336,7.8021207,-1.29905,4.788972,-0.06892645,5.9447937,-1.6691513,33-Flashmob & Raumakustik - Club Talk (Extended Remix).flac,Toolroom Records,2
123.046875,0.5868905,3796.9417881377217,-54.781612,29.303293,16.128033,15.642049,5.049891,13.811705,-2.54859,11.6496525,1.471479,5.7170153,-0.21928306,4.461308,-1.1275877,"13-Grant Nelson, Mark Knight - Do It Y'all (Extended Mix).flac",Toolroom Records,1
129.19921875,0.50571775,2536.953015521384,-121.115944,62.59198,29.783752,15.705595,8.532777,22.614632,6.8914247,7.7459197,0.7519,0.8012516,-4.2321115,3.6576633,2.5875494,47-Flashmob & Devotionz - Bulldrums (Extended Remix).flac,Toolroom Records,2
123.046875,0.55918837,3568.0998712699247,-19.09223,37.631664,19.464264,25.846422,7.54281,19.641378,2.5656824,8.402395,-3.3802354,5.387241,-3.2333777,2.2276778,-3.1076598,44-Christian Fischer - Your Body (Extended Mix).flac,Toolroom Records,4
129.19921875,0.6165977,3802.537060789271,-50.21714,25.185553,24.781855,21.90873,11.599061,23.218294,7.8064775,12.58876,3.33596,7.9406066,-0.71466464,5.084851,-0.7090682,"16-Kryder, Dario Nunez, Dgrace - Party En Mi Casa (Extended Mix).flac",Toolroom Records,1
123.046875,0.536951,4183.139788693743,-130.18779,9.122925,23.317707,27.437796,6.8182874,19.309631,-0.46732542,5.682073,-4.2749805,0.9399497,-5.4773774,-2.4679086,-7.8694572,01-Mark Knight - Fighting Love (Extended Mix).flac,Toolroom Records,1
123.046875,0.50657636,2936.9196904045034,-36.431835,60.032906,15.185855,26.006247,-0.17390257,16.086721,8.158063,9.352084,1.4862015,6.375245,-3.4500892,0.70587206,-5.124487,04. Weiss - I Need Some (feat. The Jones Girls - Extended Mix).mp3,Toolroom Records,0
129.19921875,0.5775443,3164.841023275117,-154.08218,38.835922,-5.7608395,3.243124,-8.230891,6.8557425,-2.3771305,3.4437714,-5.8742704,3.4668672,-4.5601134,-0.74236137,-3.818316,"38-Leon (Italy), Lapo Underground - Go Away (Extended Mix).flac",Toolroom Records,0
129.19921875,0.5680793,3030.557327700557,-72.02575,42.555405,-13.499976,30.082296,-1.4851626,7.6657486,-6.1403213,6.1782784,1.3911711,4.0156946,-0.49961716,4.7127957,2.075345,"37-Gettoblaster, Jamazz - Finger On The Trigger (Extended Mix).flac",Toolroom Records,0
123.046875,0.55996805,3398.497819573202,-69.8352,41.998375,12.442053,10.865633,7.6002097,20.288723,1.3964741,6.813858,-4.7177243,5.339951,-6.6285486,-0.075317,-6.476477,"20. Muzzaik, Andrea Lane, Deaf Jules - What Goes Around (Extended Mix).mp3",Toolroom Records,4
129.19921875,0.57816917,1512.7037490548582,-166.70268,92.55508,37.243427,36.445267,13.356601,21.235552,12.318211,13.648797,8.131499,9.035321,5.619751,7.3392134,5.1038885,50-Dipzy - Back It Up (Extended Mix).flac,Toolroom Records,3
83.35433468,0.47873357,2030.9387566269413,-120.58497,107.90927,14.388941,17.902023,7.8511906,13.365316,0.74847734,12.585981,4.5945582,10.19323,4.7906733,7.2473316,1.4980482,38-Sam Karlson - On The Run (Extended Mix).flac,Toolroom Records,3
83.35433468,0.6337556,3424.37316102916,-133.31393,25.901056,24.42517,24.017721,12.141685,26.113102,9.289419,13.690209,5.7799044,9.906508,-1.2756755,6.956673,-2.3824623,42. James Haskell - Bodhi (Extended Mix).mp3,Toolroom Records,4
123.046875,0.5955435,4783.976602996225,-160.4072,-11.468045,1.1331067,0.30565915,-3.9068902,-1.7763239,-12.236337,-5.703368,-13.5554495,-4.3902493,-12.467458,-10.883481,-11.178983,38. Dakar - Trigger Happy (Extended Mix).mp3,Toolroom Records,1
129.19921875,0.59568274,3799.083785552221,-63.276485,33.48512,31.651672,17.175186,-4.604912,9.510634,-5.881883,2.5151954,2.802774,12.311192,3.1116602,6.109152,0.13349277,42-General Moses - Call Me Daddy (Extended Mix).flac,Toolroom Records,1
129.19921875,0.6165977,3802.537060789271,-50.21714,25.185553,24.781855,21.90873,11.599061,23.218294,7.8064775,12.58876,3.33596,7.9406066,-0.71466464,5.084851,-0.7090682,34-Kryder & Dario Nunez & DGRACE - Party En Mi Casa (Extended Remix).flac,Toolroom Records,1
123.046875,0.62036234,2424.8516337659244,-138.86371,42.61985,-6.259863,26.82106,6.642343,25.048683,14.384528,16.713062,9.663502,12.877065,6.6804743,10.629816,5.106914,46-Good Neighbor - Japanese Vowels (Extended Mix).flac,Toolroom Records,2
123.046875,0.6188563,3887.653446913043,-87.87315,16.497377,11.504356,16.848726,-4.673716,19.087864,5.56138,12.20812,4.8878636,10.890499,4.32205,6.078767,1.5135127,09-ESSEL - Look Back (Extended Mix).flac,Toolroom Records,1
123.046875,0.6068095,3756.622013722284,-91.42203,28.395704,30.006737,24.296436,6.682121,11.4393835,1.0182663,7.4341917,-3.0512958,7.5749063,-1.9414643,4.0358458,-1.1579537,"25. Anton Powers, James Hurr, Tasty Lopez - That's It (Extended Mix).mp3",Toolroom Records,1
129.19921875,0.50018364,2146.918011599235,-122.87415,86.5243,15.109284,35.971035,9.447089,17.795092,6.917324,8.80671,-0.30287185,3.6886082,-2.0988564,12.536985,5.952948,14-Raumakustik - Shiguli (Extended Mix).flac,Toolroom Records,3
129.19921875,0.5534841,1566.7861209456396,-136.11006,105.85287,28.259615,34.894817,19.849974,22.991898,10.885048,14.040369,7.4232845,8.20992,4.567366,9.954009,2.846852,11. Kristin Velvet - Perfect Division (Extended Mix).mp3,Toolroom Records,3
129.19921875,0.4630403,2539.901739853008,-76.59023,87.56622,11.589893,14.202795,-1.0757701,8.854433,-6.317458,-4.6535416,-7.5662384,0.55668485,-10.13094,-4.6936884,-10.669974,"06-KC Lights, Welt - Fly (Extended Mix).flac",Toolroom Records,2
129.19921875,0.5788707,2603.13912906557,-116.959595,55.570858,13.769108,35.589005,-1.3596822,19.352442,4.4160075,13.010613,3.4392762,9.933535,-4.404399,-1.8870456,-3.0256224,17-CID - No Phones (Extended Mix).flac,Toolroom Records,2
63.02400915,0.5887361,2975.3403708378514,-92.39042,37.94102,4.2005553,31.281975,10.599709,25.73652,10.48002,16.462301,2.627779,11.414861,-0.0793753,5.257647,0.98111224,30-Marvin Humes - Tick Tock (Extended Mix).flac,Toolroom Records,0
123.046875,0.5463255,1823.6144385157183,-129.85768,95.563545,16.309858,30.609142,11.390078,16.457863,0.3830878,12.689567,1.3375363,7.9574885,-0.7569022,3.356502,-1.7369576,30-Smokin Jo & D. Ramirez - Inner Mind (Extended Remix).flac,Toolroom Records,3
129.19921875,0.5880348,2595.0471524302584,-112.74103,63.628544,30.284935,23.724104,12.215538,16.151627,4.7465844,10.41753,0.27136645,7.356284,1.3527024,8.079632,2.423235,22-Nausica - Groove Express (Extended Remix).flac,Toolroom Records,2
129.19921875,0.543679,3342.619470212447,-87.99736,35.427372,-1.9130656,14.057366,-5.032949,12.423616,-14.546119,0.92001194,-7.6717496,0.8091906,-5.725796,-4.8895125,-6.0444527,08. Friend Within - Bring It Down (Extended Mix).mp3,Toolroom Records,4
129.19921875,0.59391403,3121.871935447104,-75.13905,48.322163,4.7619743,15.440475,2.4152772,16.34876,4.958498,9.793083,0.57851106,7.0096674,1.7223265,0.76876587,-4.450653,18-Katy Alex - Inside Out (Extended Mix).flac,Toolroom Records,0
129.19921875,0.6165139,2216.984940481214,-103.50445,104.62667,32.017082,11.15996,-2.3264432,9.749597,1.7663487,2.7792037,-3.3499525,3.9193943,-3.999898,1.6291827,-1.6684664,"05-Crusy - Hey Girls, B-Boys (Extended Mix).flac",Toolroom Records,3
129.19921875,0.5376462,3525.7194999483054,-88.578766,38.502842,24.051949,18.1313,1.833571,13.7303505,-4.800254,2.6792188,-5.097123,0.22887938,-5.2493286,0.3391512,-5.7559953,14. Jay de Lys - No Sleep Club (Extended Mix).mp3,Toolroom Records,4
129.19921875,0.5850206,3217.917821624194,-106.458565,34.6243,21.358322,24.936539,-0.9288723,13.767034,5.951087,11.037829,-0.37535715,6.1643596,1.6530287,8.247142,3.3107536,09. TCTS - Never Know (Extended Mix).mp3,Toolroom Records,0
123.046875,0.59176767,3157.658277382947,-122.887215,19.709381,40.34459,43.201775,17.54184,32.068474,17.313215,17.174202,11.216632,18.1891,8.061317,9.391934,6.649308,32. Ellis Moss - Emergency (Extended Mix).mp3,Toolroom Records,0
129.19921875,0.48106438,2614.585943160253,-112.90319,81.123825,23.500774,12.211743,-4.236307,3.5308895,-5.4630356,5.2274976,-2.790592,2.3592036,-2.9725502,-1.0691175,-4.906588,10-Illyus & Barrientos - Zapata (Extended Mix).flac,Toolroom Records,2
129.19921875,0.583521,2993.865754161847,-117.473175,47.090565,43.124245,29.633408,19.06095,21.01221,9.549185,12.687438,7.722234,10.381303,3.4039254,7.61331,0.07565194,48-Elbio Bonsaglio - In The Club (Extended Mix).flac,Toolroom Records,0
129.19921875,0.5036339,2455.753391005348,-177.12254,44.25352,31.796535,41.054253,25.364109,32.68,18.486404,18.653696,6.15742,8.5174885,-1.854623,2.241455,-4.498811,27-Goosey - Bodyshake (Extended Mix).flac,Toolroom Records,2
123.046875,0.5193267,3598.106107568049,-43.43545,41.74079,33.81767,32.913864,8.171893,15.719859,-2.3194664,3.6489568,-2.7476702,-0.66671556,-5.7675834,-0.84484524,-4.6444726,"23-Milk & Sugar, James Hurr - I Love Music (Extended Mix).flac",Toolroom Records,4
129.19921875,0.6416812,3770.267296629413,-83.77529,39.35867,22.507744,16.652632,8.700466,15.814148,4.963835,9.638282,0.6546542,5.4962773,0.7007006,4.935713,-1.4175136,06-Sidepiecee - Sex Sells (Extended Remix).flac,Toolroom Records,1
123.046875,0.633631,3009.7871185361496,-95.57821,35.68258,7.363945,17.862406,13.93399,23.031181,10.419498,14.217797,9.596462,14.522317,6.7060065,12.906286,6.041423,11-Illyus & Barrientos - D.A.N.C.E (Extended Mix).flac,Toolroom Records,0
63.02400915,0.46574095,2871.8966630594814,-97.602974,70.193634,34.99325,1.0133996,4.134636,10.681459,2.4067993,5.671469,-8.577278,5.1391706,2.2763093,7.1121325,-6.983822,22. Jewel Kid - Hold Up (Extended Mix).mp3,Toolroom Records,0
129.19921875,0.54359484,3564.4315917570025,-38.888336,37.142334,-3.2087545,4.044061,-4.335904,9.964401,1.0428169,7.1880503,1.6699419,7.6961136,-4.2327905,-0.12611979,-5.065022,16-Essel & Alex Mills - Rave Is The Weapon (Extended Remix).flac,Toolroom Records,4
129.19921875,0.5382509,3130.4920943510697,-91.06645,45.7202,24.870136,31.690462,4.363771,20.593931,3.106117,7.5475726,1.3620764,3.6059687,-4.0401626,-0.42728955,-7.548346,07-Sharam Jey - Shake Your (Extended Mix).flac,Toolroom Records,0
129.19921875,0.50571775,2536.953015521384,-121.115944,62.59198,29.783752,15.705595,8.532777,22.614632,6.8914247,7.7459197,0.7519,0.8012516,-4.2321115,3.6576633,2.5875494,"12-Flashmob, Devotionz - Bulldrums (Extended Mix).flac",Toolroom Records,2
129.19921875,0.48892596,3457.270709103581,-100.109,43.986732,0.9708116,6.10182,-4.9455338,4.430341,-8.013265,1.5580347,-5.460113,1.2623726,-3.4186487,-0.80959564,-3.0872185,10-Chaney - I Choose You (Extended Remix).flac,Toolroom Records,4
129.19921875,0.6046651,3743.87739456701,-89.43711,16.872313,12.832491,17.607443,14.406839,26.0985,11.860561,12.187301,2.3087811,7.8484845,0.44332176,10.167263,5.5211883,21-Wh0 & Mark Knight & James Hurr Ft. Kathy Brown - Turn Me Deeper (Extended Remix).flac,Toolroom Records,1
129.19921875,0.58256793,2941.1822854453494,-90.37657,51.838512,25.94079,27.474897,15.856342,28.564938,6.7546196,13.66134,6.2744284,12.703381,0.4001804,4.8957033,0.050316837,21-WEISS - One More Time (Extended Mix).flac,Toolroom Records,0
123.046875,0.5759653,3657.461618707132,-53.769188,37.417843,23.612806,20.088997,6.546299,17.61992,0.19858988,7.378285,-4.406472,3.901795,-3.6989617,-0.8990603,-8.0373955,10. Eden Prince - Take It To The Rhythm (Extended Mix).mp3,Toolroom Records,4
123.046875,0.57470965,3604.051524812942,-63.239727,30.469505,21.958925,35.042786,10.093569,18.456062,0.90973336,9.528894,0.49534413,5.8265834,1.2788762,-0.9574977,-3.724247,43-Dario Nunez - Let The Groove (Extended Mix).flac,Toolroom Records,4
129.19921875,0.5348597,2940.9626813492578,-93.98471,52.86357,20.14847,29.476357,3.4439518,17.373503,-1.1690156,8.604503,2.6014555,5.544461,-0.62366706,3.2292295,-5.7545595,12. Local Singles - Keep On Makin' Me Hot (Extended Mix).mp3,Toolroom Records,0
129.19921875,0.635228,4028.203809429799,-162.52104,7.541089,12.676729,13.76758,-0.7702758,10.687781,0.67874664,5.458187,-1.6267128,3.5613327,-3.7043095,0.8520131,-4.4915833,"40-Malikk, Chicks Luv Us - One Time (Extended Mix).flac",Toolroom Records,1
129.19921875,0.61212516,3134.5968642004577,-77.28934,51.3936,26.231176,22.56093,13.431119,22.487148,7.597474,14.131715,8.903096,13.723114,3.4758024,6.102266,1.7417083,36-Adrian Hour - Everything (Extended Remix).flac,Toolroom Records,0
63.02400915,0.4360938,2475.0973844633686,-140.76268,66.74186,-17.929913,14.190352,-6.2605186,-7.1953664,-7.191986,-0.17965576,-6.191649,-0.53231066,-4.000531,-2.6541853,-5.699125,23-Federico Scavo - Janela (Extended Mix).flac,Toolroom Records,2
129.19921875,0.5595338,3396.6594637040016,-87.65086,37.37575,20.755323,24.384285,8.37743,16.088945,5.7744064,13.962709,-0.29350767,8.879214,-0.7360908,5.853845,0.42639312,02. ESSEL - Lennon (Extended Mix).mp3,Toolroom Records,4
129.19921875,0.6047705,3675.193871224242,-130.65123,14.261285,34.625313,18.9169,8.262895,22.590708,7.5315022,17.092363,13.108371,15.474641,5.970327,10.5336075,0.4501418,"45-Alto , Aaron Pfeiffer - Drifting (Extended Mix).flac",Toolroom Records,4
129.19921875,0.5979832,3001.295900204676,-134.9714,47.324806,14.454479,14.610187,-1.6623732,20.014887,5.645412,9.766979,3.5508373,8.437815,0.8603805,7.2109103,1.4908969,40-Sandor - Panic Girl (Extended Mix).flac,Toolroom Records,0
129.19921875,0.4630403,2539.901739853008,-76.59023,87.56622,11.589893,14.202795,-1.0757701,8.854433,-6.317458,-4.6535416,-7.5662384,0.55668485,-10.13094,-4.6936884,-10.669974,14-KC Lights & Welt - Fly (Extended Remix).flac,Toolroom Records,2
129.19921875,0.48892596,3457.270709103581,-100.109,43.986732,0.9708116,6.10182,-4.9455338,4.430341,-8.013265,1.5580347,-5.460113,1.2623726,-3.4186487,-0.80959564,-3.0872185,08-Chaney - I Choose You (Extended Mix).flac,Toolroom Records,4
129.19921875,0.5987661,3124.5506323571826,-155.9956,37.441223,32.206085,32.518017,11.375658,15.839957,9.169698,8.502185,-0.9744204,2.0907898,-2.3638644,-0.34288114,-0.093843915,23-Tony Romera - Dance Naked (Extended Remix).flac,Toolroom Records,0
123.046875,0.67920035,3537.281435453496,-56.91091,35.87108,-1.8272305,11.387591,0.044248976,17.484066,2.969153,12.255056,2.4572682,6.009219,-1.7353313,2.9209094,-4.107357,01-Groove Armada Ft. Stush X Red Rat - Get Down (Mark Knight Extended Remix).flac,Toolroom Records,4
129.19921875,0.5700102,2999.461535374176,-103.51374,43.257202,16.824911,11.497394,-5.7469993,21.658228,13.670194,11.662155,2.5560513,6.536559,2.7342892,7.2673893,-1.0591488,36-ACT ON - On My Mind (Extended Mix).flac,Toolroom Records,0
129.19921875,0.55085796,2977.1483015137005,-193.89975,56.89978,-13.422271,11.581811,-6.1997094,1.5042418,-10.939736,-2.9659007,-12.338899,-5.7374854,-12.995877,-7.4473577,-11.464182,34-Piero Pirupa - Just Believe (Extended Mix).flac,Toolroom Records,0
129.19921875,0.57268137,2633.8672174230496,-98.740074,54.82403,23.390015,28.028547,9.994375,18.989279,6.089995,11.680518,3.9173803,10.174957,0.89958364,6.0885983,0.47520575,50-Twolate & Les Castizos - Bulla (Extended Remix).flac,Toolroom Records,2
123.046875,0.6035368,3560.39449463825,-120.4369,19.981173,17.65511,24.949234,11.288807,11.475282,4.682036,9.799471,4.1605635,9.563389,3.7314339,7.677964,0.38066253,32-Jewel Kid & Matt Smallwood - I Get Down (Extended Remix).flac,Toolroom Records,4
123.046875,0.6023188,3457.4329605256785,-21.749475,44.71177,26.625687,26.961035,10.275935,16.787487,6.0120964,13.376997,3.2155664,9.556753,3.5056734,7.3437395,0.7794916,"13. Mark Knight, Crusy - Daddy Shhh (Extended Mix).mp3",Toolroom Records,4
129.19921875,0.44858152,2757.249886247454,-99.280304,68.2204,12.107773,13.78538,16.025015,20.257408,10.8197775,15.147637,5.059545,5.9364114,-0.5534068,6.574831,-2.6814015,07. Chaney - Bet You (I Do) (Extended Mix).mp3,Toolroom Records,2
129.19921875,0.59796935,3748.8321435966977,-117.49843,21.857199,23.946352,23.471657,1.6055428,16.12684,1.4147497,5.192446,2.8743896,7.3067117,-0.20949325,5.366097,-4.348321,33-Thomas Newson - Get Raw (Extended Mix).flac,Toolroom Records,1
83.35433468,0.61925334,2943.301351244647,-143.2669,51.016346,8.218616,15.4197,6.9517727,12.590693,3.5945501,7.78392,1.0969365,7.5943065,0.14631478,3.7106805,-0.74585795,50. Otistic - Bomba (Extended Mix).mp3,Toolroom Records,0
129.19921875,0.5722179,3612.1423108126864,-111.29409,32.275253,32.705273,33.827805,10.925509,23.698782,1.7117735,11.154522,0.67642,5.1271725,-2.7263265,4.590495,-2.5817993,"32-Paul C, Paolo Martini - Loop Monster (Extended Mix).flac",Toolroom Records,4
123.046875,0.4876663,3584.4142767179587,-98.450356,37.400555,1.5338893,10.5668545,-6.00971,8.831202,-3.5223105,-5.069171,-4.7021894,-0.9153481,-5.1894674,0.1637868,-4.5218916,47. Louis Millne - White Lines & Disco Balls (feat. Yasmin Jane - Extended Mix).mp3,Toolroom Records,4
83.35433468,0.545065,3604.804159786737,-102.24427,17.700863,23.100014,33.612133,10.641767,34.216972,14.918096,19.301308,6.831976,7.6919193,6.519978,7.9068956,3.226899,35. Siege - Waiting (Extended Mix).mp3,Toolroom Records,4
129.19921875,0.5792914,2978.4166891157283,-124.83542,29.73388,29.91459,32.352917,12.743642,23.268053,10.758295,15.060308,5.2922816,10.592421,4.220766,8.381327,-0.12204442,45-Dipzy - Run This Town (Extended Mix).flac,Toolroom Records,0
129.19921875,0.5357016,2780.781129820435,-96.03036,60.415127,17.6906,25.2479,6.7133155,11.271953,2.1206596,9.971124,1.5130076,8.630462,3.101754,3.6027102,2.3681965,"02-Essel, Meryll - Move (Extended Mix).flac",Toolroom Records,2
123.046875,0.48457676,3085.516948123946,-84.443985,51.082085,10.382207,13.996722,-4.6508527,9.088885,-1.9224724,2.3230233,-2.464497,7.328689,2.019419,8.567339,3.561749,43. Kisch - Where Did The Love Go (feat. Syon - Extended Mix).mp3,Toolroom Records,0
129.19921875,0.53231645,3371.359018722766,-60.781208,48.072376,31.934887,22.810646,6.508643,16.41371,1.2686138,8.194906,-4.8029737,2.956742,-2.542583,4.777688,-3.4635506,14-Draxx (ITA) - Jump (Extended Mix).flac,Toolroom Records,4
123.046875,0.6189128,3491.958327443024,-132.54742,27.366634,63.592934,36.717327,23.829004,32.08778,12.630632,18.580252,8.864855,6.4708285,-0.88512635,5.291572,-0.37005973,"15. Tigerlight, Saison - Addiction (Extended Mix).mp3",Toolroom Records,4
129.19921875,0.6534681,3265.426833192588,-124.050385,22.69941,14.861326,19.11058,12.667055,21.62684,11.44675,14.97864,9.158179,14.5991955,5.568307,7.5919986,2.5225935,"10-Jenn Getz & Alfie, LOVRA - Broke (Extended Mix).flac",Toolroom Records,0
129.19921875,0.56381845,3097.865046463197,-70.510506,51.504307,3.0009856,10.705181,-7.710533,8.057113,2.1712606,6.993285,1.0949422,8.61739,0.8191276,5.0204215,1.9730909,12-Kideko - Holding On (Extended Mix).flac,Toolroom Records,0
129.19921875,0.48654637,2767.865903852564,-244.05879,66.63854,43.946926,5.8291397,6.697037,8.863612,-7.551949,4.292655,-6.8220086,1.8661761,0.829679,3.1485028,5.565159,41-US Two - Brother (Extended Mix).flac,Toolroom Records,2
123.046875,0.5969498,3962.970900025018,-71.43882,19.481955,21.774338,24.659468,4.6832337,13.425337,-2.0895863,0.7820062,-6.1237984,-1.2886604,-8.630177,-4.487763,-9.198029,41-Pagano - Ultraviolet (Extended Mix).flac,Toolroom Records,1
129.19921875,0.5635373,3567.273461506404,-107.93921,21.735596,18.693825,19.60119,2.7468686,18.566687,5.9330425,12.597309,-0.8377001,4.5810647,-6.2934384,1.545153,-3.8470538,32-Reelow - Deep My Perfection (Extended Mix).flac,Toolroom Records,4
123.046875,0.45932972,3190.8272715379394,-168.65799,70.19473,19.474117,-1.0767497,-4.8203597,9.37696,-7.426594,-5.06599,-9.625982,-3.7138717,-6.8737454,-3.5337121,-6.106328,44. KeeQ - Sweet Little Nothing (Extended Mix).mp3,Toolroom Records,0
129.19921875,0.6424291,3642.853830453854,-112.30955,11.796371,30.513544,28.400343,15.808777,26.06467,4.225873,15.50517,2.3459525,11.155216,1.6725948,7.1061354,2.0572085,30-Bessey - Alert (Extended Mix).flac,Toolroom Records,4
129.19921875,0.5494828,3162.0772074397496,-149.85706,35.2835,-2.2127628,6.884792,11.224367,18.916136,3.9309566,4.722342,4.5396047,6.201184,1.1147736,4.0153213,-0.7046995,28-Alex Preston - People Dancing (Extended Mix).flac,Toolroom Records,0
129.19921875,0.5344353,2123.524161403685,-90.65344,91.58811,7.876433,24.947495,10.651744,14.821186,12.036268,13.0688095,1.7805952,9.235465,0.3604521,4.1549177,-1.2451589,44-Ben Remember - Waiting 4 You (Extended Remix).flac,Toolroom Records,3
129.19921875,0.55543476,2802.43762916594,-94.03743,60.692314,24.230917,26.310516,9.79613,16.151917,3.0183213,9.711472,3.8500633,6.2559886,-0.81546974,4.9939585,-2.1956198,46-Tom & Collins & Mr. Pig - Esta Pegao (Extended Remix).flac,Toolroom Records,2
83.35433468,0.63590693,3298.072092981822,-125.95379,20.098417,6.360326,17.23099,11.154349,26.604416,13.705669,13.582481,6.390917,9.77892,4.2211633,10.277209,0.60211456,40. AZETE - Love Me Loco (Extended Mix).mp3,Toolroom Records,4
129.19921875,0.5226338,3119.3251673268755,-80.4145,51.2841,19.951153,21.696604,6.5944757,9.874132,4.402372,10.196073,0.89559615,5.6734233,-0.18963179,2.0688148,-3.3622978,04-SIDEPIECE - Lick (Extended Mix).flac,Toolroom Records,0
129.19921875,0.44471216,2897.326577877904,-110.643234,59.523945,25.967981,17.200289,-2.701073,13.462712,-8.537437,-0.94031936,-7.473925,-2.3057775,-10.837193,-6.6397915,-9.399063,27-Friend Within - Chain (Extended Remix).flac,Toolroom Records,0
83.35433468,0.61871016,3977.197650404409,-69.08322,21.72148,35.668694,15.583196,12.603002,18.491623,4.522553,9.337209,5.1530714,6.486204,1.0431733,5.5337067,2.73893,26-Danny Rhys - Switch (Extended Mix).flac,Toolroom Records,1
129.19921875,0.63068944,3419.8961689697967,-103.71932,-1.5984439,-0.2574735,38.416077,8.253577,29.458235,10.349083,17.466808,7.8206663,14.570025,2.5947242,10.076159,2.1812356,"33-Tim Baresko, Juanito - So Many Things (Extended Mix).flac",Toolroom Records,4
129.19921875,0.52369404,2589.559875474542,-136.2653,79.21217,1.0001724,24.431337,8.043509,7.0833397,2.426203,8.289702,1.2917981,6.452953,-1.1471177,1.9689512,1.8283023,36-Austin Ato - Wee Belter (Extended Mix).flac,Toolroom Records,2
123.046875,0.5385055,4122.517930305784,-104.19346,21.577444,27.259083,12.54495,17.772577,15.656482,-1.7849858,11.258205,-6.3210373,-0.437231,-5.321722,-2.835899,-5.785129,"49. Mr. Kavalicious, AR (UK) - Overthink (Extended Mix).mp3",Toolroom Records,1
129.19921875,0.6371452,2095.7388075620383,-137.58656,63.722458,24.595606,37.96884,17.8627,27.274378,10.062272,18.14386,8.688825,11.4858675,9.270054,6.923833,4.983495,"17. Charmain Love, Toni Blackman - Dreams (Extended Mix).mp3",Toolroom Records,3
129.19921875,0.6243618,2324.481190440668,-152.06512,70.96116,18.180782,31.190388,18.066778,23.755608,8.700697,13.078261,8.760096,7.821019,4.494168,8.571327,3.6246114,"04-Darius Syrossian, The Melody Men - Downlow (Extended Mix).flac",Toolroom Records,2
123.046875,0.6139008,3464.87252219864,-84.72192,23.401333,28.95419,32.56001,14.452165,28.733643,3.8771696,15.164599,4.3798203,15.401121,2.6792912,6.7175474,1.3647617,"03-Mark Knight, James Hurr - You Take Me Higher (Extended Mix).flac",Toolroom Records,4
129.19921875,0.5432502,3375.9915857078527,-105.35312,47.200394,3.1015675,13.577172,1.5658253,11.723842,2.4096448,8.435525,-0.43837792,3.3294775,-2.5105064,-0.67190534,-7.0343447,39-Hotswing - Sensation (Extended Remix).flac,Toolroom Records,4
129.19921875,0.576425,3697.5823282725214,-222.24782,26.369865,13.460064,15.95721,5.0574265,11.716019,0.97568184,5.8561625,0.46604612,6.4639935,-1.943444,4.480457,0.64315194,47-Murphy’s Law (UK) - Move & Groove (Extended Mix).flac,Toolroom Records,4
129.19921875,0.56077856,2121.0492199585024,-161.59564,87.93367,17.746838,15.878371,8.738578,16.540123,6.134187,12.099178,5.61426,4.2630506,2.6944528,4.9303994,-1.655796,16. Eddie Thoneick - Take It Back (Extended Mix).mp3,Toolroom Records,3
123.046875,0.59588176,3259.264354873744,-69.32913,37.04118,37.331623,37.5863,15.339451,21.98621,4.7291465,11.877449,-1.4404688,8.094636,0.3676569,6.0481057,1.0989834,19. Silque - Volante (Extended Mix).mp3,Toolroom Records,0
123.046875,0.5756199,3366.202565688764,-70.501465,41.39375,-1.0446218,13.1972885,-0.36201915,7.8072634,-6.0330963,1.0773054,-7.8604455,-2.3649552,-5.9549475,3.0156467,-1.1493165,29. Nesi - After Party (Extended Mix).mp3,Toolroom Records,4
129.19921875,0.6469024,3617.978648180024,-138.44229,35.14919,27.061802,15.048526,8.53506,15.634117,4.006775,7.314779,1.2423413,5.033526,-0.6215076,2.345457,-1.2516878,07-Tony Romera - LFO (Extended Mix).flac,Toolroom Records,4
83.35433468,0.63670665,3740.9037835775575,-52.33723,20.71361,19.470821,22.668118,10.652869,20.372103,4.5354233,15.920306,5.5223145,7.7676606,-1.1172988,3.108786,-1.2917311,"41. Federico Scavo, Moya - Set Me On Fire (Extended Mix).mp3",Toolroom Records,1
86.1328125,0.6568015,3875.928823545813,-95.06432,9.278843,2.0527427,21.313131,11.780554,23.834848,5.937907,8.987261,0.69733876,3.8572102,-2.5654585,1.4170846,-2.7614925,42-Dale Howard - Switch (Extended Remix).flac,Toolroom Records,1
129.19921875,0.6225732,4109.567390493462,-90.39983,16.730965,37.286007,18.104734,14.868089,19.117998,9.809146,13.237432,3.18903,10.515238,4.315648,9.088211,4.32297,02-Weiss & James Hype - Feel My Needs (Extended Remix).flac,Toolroom Records,1
63.02400915,0.4735309,2909.6409611570007,-102.26318,63.101616,21.709894,23.805851,9.325431,14.574531,3.2316108,1.7525582,-3.5128314,2.6216252,-5.08853,-1.3521684,-3.6151085,45-Jesus Fernandez & Javi Reina & Daveartt - Noche Y Dia (Extended Remix).flac,Toolroom Records,0
129.19921875,0.49515614,2527.9822485057884,-109.395355,70.29743,9.042322,12.914649,2.3702836,15.081718,3.8440046,5.8511744,1.6790407,5.321709,0.23964226,5.4661965,2.954774,37-Alex Preston - Sticky Funk (Extended Remix).flac,Toolroom Records,2
129.19921875,0.6451684,3059.2948830776045,-89.35329,22.236156,2.143904,25.630884,7.5605536,20.714005,5.8269157,17.85971,5.523913,14.824319,6.530999,9.3398285,5.2710657,25-Deltech - Daddy (Extended Mix).flac,Toolroom Records,0
129.19921875,0.5036927,3267.7707963148296,-88.967224,47.47028,-6.41684,10.136161,2.9673302,4.738524,-5.2615104,-0.48623666,-3.592041,-0.05148476,-3.7509022,-2.0114696,-5.079046,15-Roxe - Break It Down (Extended Mix).flac,Toolroom Records,0
129.19921875,0.50969577,3323.985220137245,-73.12979,40.068016,7.190414,12.599286,3.8701153,16.349577,4.59559,9.267156,1.6599715,3.1385767,0.19568267,6.32925,-1.1312475,42-Mauro Venti - In Control (Extended Mix).flac,Toolroom Records,4
129.19921875,0.4713099,2348.5151318394587,-166.55583,90.15629,11.413799,10.253739,-11.029955,7.2282143,-11.867306,3.4493752,-8.126781,-1.9751854,-3.7084072,-2.9641044,-5.9332366,31. Eskuche - The Sun (Hannah Wants Extended Mix).mp3,Toolroom Records,2
129.19921875,0.56022733,3410.081212676241,-74.174736,41.538723,16.603884,15.044133,7.885497,13.670977,-1.9497528,2.4370277,-6.1606073,-0.73788744,-6.64686,-3.945558,-8.451166,12-Cassim & Mahalia Fontaine - Say Yeah (Extended Remix).flac,Toolroom Records,4
123.046875,0.52697563,1692.2967886720926,-196.87582,104.751884,32.049774,26.263775,16.611172,16.114443,10.384282,10.038897,5.732045,8.1272745,7.905014,7.912693,3.3390262,43-Alfred Beck - Need You (Extended Mix).flac,Toolroom Records,3
129.19921875,0.61492044,3087.342006311865,-96.26397,20.405336,0.059949752,32.9245,7.7526817,23.432003,1.4129224,12.348858,0.007479452,9.989382,1.9422917,4.304154,-2.3367786,39. Fabio Neural - Discox (Extended Mix).mp3,Toolroom Records,0
129.19921875,0.4205566,2769.48851114689,-178.27998,45.265938,25.593342,20.936914,-9.018662,3.292199,-13.272317,-5.0045137,-12.549271,-5.5954247,-3.8429704,7.4148946,10.300898,03-Essel - The Edge (Extended Remix).flac,Toolroom Records,2
123.046875,0.5893173,3641.472387479104,-136.19502,33.166348,42.938793,27.471876,13.9257345,19.231033,5.378503,8.84819,1.4270703,4.662632,-4.1885753,-1.1570988,-1.6836873,44-Sebb Junior - All 4 You (Extended Mix).flac,Toolroom Records,4
129.19921875,0.54493874,2996.792647913527,-45.684048,55.045177,-6.3080297,-11.275117,-2.8720398,14.041932,8.1028805,10.061273,4.0942044,18.500765,8.721044,9.004358,2.4006283,"30. Dave Spoon, Stix 'N' Stoned - Outrageous (Extended Mix).mp3",Toolroom Records,0
123.046875,0.54785234,3887.2757631020695,-96.09507,24.611984,22.945564,23.687319,9.242931,18.662169,1.8338345,9.579232,-4.91047,3.4242435,-5.5553827,1.4326363,-3.9651132,34. Retna - Can You Move To The Beat (Extended Mix).mp3,Toolroom Records,1
129.19921875,0.6334805,3575.183389295282,-49.406986,20.671833,-2.1279871,18.815647,-0.2309525,12.588611,0.2664209,7.653553,-0.3092604,7.510095,-2.2645051,2.1399105,-1.4497887,24-Justin Irby - Right Here (Extended Mix).flac,Toolroom Records,4
129.19921875,0.57889557,3039.72237451466,-116.775635,38.34115,28.430712,24.491634,8.60744,18.727245,8.468292,15.053732,6.9276104,10.563064,4.726508,9.550638,6.067178,05-Piero Pirupa - The Fire (Extended Mix).flac,Toolroom Records,0
123.046875,0.61748946,2643.5642725146945,-212.07652,44.659885,30.570343,39.94184,13.436095,18.842155,11.253433,19.1712,8.793389,16.520288,8.955466,12.482544,7.4125032,"37. Denney, Dean Mickoski - The Chant (Extended Mix).mp3",Toolroom Records,2
129.19921875,0.5879385,3556.2152962699624,-70.070816,40.735287,8.544594,15.355696,4.8629503,9.394038,-0.4763195,6.607461,-2.0900738,3.0187194,-3.771529,0.09722315,-0.18247452,45. Guy Burns - Feel The Groove (Extended Mix).mp3,Toolroom Records,4
129.19921875,0.57144356,2531.967561154078,-160.07407,72.19932,36.273445,26.921818,15.519138,24.400335,8.273319,12.972075,2.224741,4.3188915,-0.35797024,1.8317531,-4.7714334,09-Tony Romera & Crusy - The Unknown (Extended Remix).flac,Toolroom Records,2
129.19921875,0.57410574,2935.5472045765187,-88.29882,52.18092,28.057251,22.8456,10.712301,21.326168,5.339639,11.304065,2.8633416,9.354614,1.2558299,8.731246,1.1627746,17-Retna - System (Extended Mix).flac,Toolroom Records,0
83.35433468,0.5673825,2654.777249845484,-109.62469,65.47404,16.747671,17.445168,3.0376248,13.461406,2.2327151,5.6377096,-1.0450013,3.8627608,-2.8221002,4.7397013,-0.7439554,18-Gene Farris & Basura Boyz - In My Heart (Extended Remix).flac,Toolroom Records,2
129.19921875,0.60679454,3240.201512687954,-238.7965,39.517303,18.93475,11.62735,1.5200932,14.154982,1.6466193,11.258485,2.316736,11.821535,3.275965,8.751011,2.8226569,49-Chinonegro - I Need You (Extended Mix).flac,Toolroom Records,0
123.046875,0.5872917,3935.960689094284,-74.19835,17.873413,2.464548,10.340757,0.39593336,9.114852,-7.0860624,-0.43865153,-9.194753,-1.4548911,-8.219468,-0.39696282,-5.6806273,48. Tony Cortez - La Negra (feat. Orito Cantora - Extended Mix).mp3,Toolroom Records,1
129.19921875,0.6037605,2903.75808577301,-149.1444,41.021297,7.798828,23.078074,12.059536,25.700869,11.87237,15.128167,7.629916,8.899105,3.7227352,5.12713,0.4444186,21-Joseph Edmund - Chrome Eyes (Extended Mix).flac,Toolroom Records,0
129.19921875,0.5156939,2636.501493380252,-131.6817,60.602627,27.623404,26.988716,17.564121,24.219112,9.590454,11.496316,6.651955,10.758718,3.0225103,7.2455616,2.8170717,39-Dylan McPhee - Coming Up Slow (Extended Mix).flac,Toolroom Records,2
123.046875,0.56977445,3697.843022227897,-77.409836,25.950867,10.500023,16.824554,7.3427916,19.015913,5.057226,8.304449,-0.7584805,7.0198636,0.8742073,6.2924595,-2.3759835,21. ESSEL - Sweet Lies (Extended Mix).mp3,Toolroom Records,4
129.19921875,0.6129334,2468.8149688217354,-98.21432,71.83009,2.212227,6.7590885,6.3689585,16.415545,10.69314,20.064734,8.084278,12.668942,9.499869,12.527243,4.2444224,05-Shadow Child - Rising High (Extended Remix).flac,Toolroom Records,2
123.046875,0.5449817,3933.876646434071,-64.80822,18.381714,-8.934784,2.3467712,-11.058281,1.0475243,-13.112728,-5.8155875,-11.414122,0.3391223,-7.7536273,-6.5838847,-8.435647,08-Mark Knight & Darius Syrossian & James Hurr - I Got All This Love (Extended Remix).flac,Toolroom Records,1
123.046875,0.5774254,3535.3296385963,-49.419716,37.833748,19.91806,29.75076,5.950819,15.647204,1.1569357,9.352645,-1.8918136,5.138464,-5.9692693,0.8401601,-3.1282964,35-Habbo Foxx - Mess (Extended Mix).flac,Toolroom Records,4
129.19921875,0.55775326,2374.522776981622,-104.89015,78.64961,3.924457,17.039824,5.9872227,14.840035,2.7151167,4.691302,-2.512408,6.4877324,0.20489049,0.96380275,-1.8760269,02-Martin Ikin - Count On You (Extended Mix).flac,Toolroom Records,2
129.19921875,0.47245747,2830.9971718676,-99.81204,60.48015,19.716352,25.271393,8.17759,8.699304,0.24958575,10.541286,1.1632017,6.3849063,0.1791983,5.529693,-4.944182,31-Maur - Disco Tool (Extended Remix).flac,Toolroom Records,0
86.1328125,0.6568019,3875.93072588131,-95.06399,9.278898,2.0525227,21.312809,11.780308,23.834997,5.9380674,8.987204,0.69738525,3.857473,-2.5655808,1.4170892,-2.76138,22-Dale Howard - Switch (Extended Mix).flac,Toolroom Records,1
123.046875,0.48274684,3416.8687275957373,-102.26386,40.877968,6.161953,10.678709,-0.7850797,9.109914,-4.4446473,0.4508801,-7.930599,-2.658324,-9.653472,-6.494709,-10.999131,13-CASSIMM - If You Want (Extended Mix).flac,Toolroom Records,4
129.19921875,0.62012196,3801.970565821181,-59.455215,12.700441,-4.7598133,11.622685,4.711401,13.775608,3.5234492,5.9882274,0.29099485,12.138651,2.0650141,7.2190576,1.601567,"05.  Leftwing _ Kody, James Hurr & I Jah - Music Is The Medication (Extended Mix).mp3",Toolroom Records,1
129.19921875,0.61651367,2216.995525789859,-103.50455,104.6264,32.016773,11.159604,-2.3265278,9.749297,1.7660778,2.7789772,-3.35021,3.9191494,-4.00011,1.6288885,-1.6687845,15-Crusy - Hey Girls & B-Boys (Extended Remix).flac,Toolroom Records,3
129.19921875,0.6665114,2476.045434450567,-169.3774,56.169952,37.363987,32.99025,24.612862,23.2128,14.443884,18.001112,11.077885,10.119725,7.048473,8.080024,4.235495,24. Detlef - Vowlume (Extended Mix).mp3,Toolroom Records,2
123.046875,0.5463254,1823.610462556384,-129.85773,95.563515,16.309853,30.609276,11.390116,16.45778,0.38304558,12.689626,1.3374062,7.9573154,-0.75685996,3.3566992,-1.7370118,"24-Smokin Jo, D. Ramirez - Inner Mind (Extended Mix).flac",Toolroom Records,3
129.19921875,0.6094878,3610.13772167517,-56.976074,19.132668,7.0545583,2.5077364,4.1218677,22.220495,6.169749,8.359173,3.3638458,11.883587,2.5763655,8.291404,5.220326,22-Todd Terry - Give Me Your Energy (Extended Mix).flac,Toolroom Records,4
129.19921875,0.5726814,2633.879541309318,-98.741196,54.82242,23.388268,28.026894,9.992772,18.987688,6.088447,11.678838,3.9156554,10.173432,0.89802283,6.086958,0.47364113,"18-Twolate, Les Castizos - Bulla (Extended Mix).flac",Toolroom Records,2
123.046875,0.55545914,2108.677056505954,-148.233,85.948395,22.08142,25.31387,3.5915797,11.454861,3.1644049,5.3653517,1.557263,4.579481,-0.47467035,2.1765666,-0.24834071,"23. Nihil Young, Artifex Mundi - All I Need (Extended Mix).mp3",Toolroom Records,3
129.19921875,0.50944585,3086.313315749385,-87.540344,42.508396,21.72016,30.30397,3.2154155,23.36202,6.602702,12.126188,2.7624373,8.930129,-0.9157461,3.2774699,-1.290486,50-Back N Fourth - If You Let Me (Extended Mix).flac,Toolroom Records,0
123.046875,0.56592554,3554.399593226189,-74.45358,36.359848,18.10988,28.471462,2.8067307,18.239763,5.54243,14.119557,2.6614695,7.5587025,-0.4429796,5.1453924,-0.09657132,34-Groove P - U Dance (Extended Mix).flac,Toolroom Records,4
123.046875,0.5651212,3474.380464298455,-78.17944,24.959349,7.4279647,16.88181,9.8309765,19.424797,7.142206,11.011892,4.121493,7.3878236,1.6821282,6.71926,1.0812417,"18. Atlantic Ocean, CASSIMM - Waterfall (Extended Mix).mp3",Toolroom Records,4
123.046875,0.67927974,3818.298349324277,-54.793774,24.574724,7.3728094,21.960749,5.514979,14.860072,0.93256503,6.1078,1.9834434,6.282277,-1.1577834,1.7953266,-2.8828554,"36. Janai, Harpoon - Heaven (Extended Mix).mp3",Toolroom Records,1
123.046875,0.45689076,4388.335765361019,-96.873146,25.79236,13.839291,-2.4915652,-6.266928,7.019273,-2.0533807,1.0059639,5.176263,4.8970346,9.442807,6.4774084,-8.670028,"03. Mark Knight, Lukas Setto - Get With You Tonight (Jay Vegas Extended Disco Dub).mp3",Toolroom Records,1
129.19921875,0.55228853,2970.519605703796,-118.99258,38.537937,18.544926,26.933733,11.800808,25.53375,13.465309,14.931228,4.0324907,10.785487,6.081373,8.315125,3.0826206,29-Andrea Giudice - Paloma (Extended Mix).flac,Toolroom Records,0
129.19921875,0.54418737,3364.5466459387626,-97.495544,36.10478,15.843282,9.932725,11.076503,19.759237,6.125019,9.899191,9.556115,14.375195,4.653346,4.9641943,3.8075256,19-Deeper Purpose & Jalja & LAZY JOE - One By One (Extended Remix).flac,Toolroom Records,4
83.35433468,0.6003305,3945.478709460877,-92.29655,28.183376,22.218899,20.49548,11.614023,18.003437,-1.6042423,7.435299,2.0412757,4.643862,-2.3991315,2.7069077,-2.9115632,49-Dario Nunez & Alex Now (ES) - The Sound The Vibe (Extended Remix).flac,Toolroom Records,1
123.046875,0.58523035,3701.7977037941314,-91.71235,35.394352,11.0462675,14.439776,3.6696868,16.599249,-4.1443024,8.930585,1.9390275,5.125258,-5.809972,-3.4430373,-5.6354713,26-Mark Knight - Got A Man (Extended Mix).flac,Toolroom Records,4
123.046875,0.63363117,3009.783089631873,-95.578545,35.682625,7.364151,17.862658,13.934296,23.031141,10.419461,14.218067,9.596651,14.522157,6.7060866,12.906369,6.0413456,24-Illyus & Barrientos - D.A.N.C.E (Extended Remix).flac,Toolroom Records,0
129.19921875,0.6112374,3488.6846569916343,-71.58616,20.49238,-0.031567458,11.754972,0.20627049,5.970474,1.218772,8.358713,1.8349677,6.753985,1.5233649,4.0118675,0.21678784,03-WILES (UK) - Kickin' It (Extended Mix).flac,Toolroom Records,4
123.046875,0.39005077,2555.253217395408,-105.68273,90.316055,-2.1578221,14.859071,-6.004441,2.022233,-9.644314,-5.8315144,-12.15952,-6.9481664,-11.956109,-8.267545,-11.127643,15. Caitto - My Feeling.mp3,HOUSEU Records,0
123.046875,0.5786144,3913.5278351044913,-66.54876,25.949766,11.195049,7.372675,-2.2868304,13.653661,1.8836035,6.809773,-1.5780774,5.2045636,-2.185624,1.3803692,-5.3783555,"11. Aitor Pastor, Joe Diem - Bimbo World (Radio Edit).mp3",HOUSEU Records,2
123.046875,0.4876507,3026.452555737028,-27.035501,56.320168,24.052715,22.929771,19.373894,22.430895,3.9977283,6.4908805,0.1169495,7.843851,-1.0664511,3.5706491,-3.8429987,"14. Yvvan Back, Zetaphunk - Get Down.mp3",HOUSEU Records,4
123.046875,0.49263686,2941.50436231033,-45.856117,63.006252,13.201531,11.020112,5.518907,8.492879,4.1671658,4.095319,-4.3543916,2.8703065,-3.4760187,-0.19592305,-3.146799,13. David Novacek - Melo.mp3,HOUSEU Records,4
123.046875,0.50805575,3447.042513949716,-71.18675,44.500114,25.38105,26.88982,15.949655,17.52615,3.057308,7.0272107,-0.13796307,4.593528,-4.90036,0.34629345,-4.9300656,05. Babert - Party Right There.mp3,HOUSEU Records,1
123.046875,0.52344084,3227.406844390712,-28.321045,48.32276,25.266861,23.514923,13.464333,23.171055,10.7970915,14.660043,6.7805796,11.980547,1.1949832,3.614108,-3.984298,07. Magonyi L - Spiritual Thing.mp3,HOUSEU Records,1
123.046875,0.47856948,3416.075134959888,-26.130545,40.667953,17.645832,22.805426,6.172467,14.276311,0.9197389,7.8018975,-0.16888049,3.829042,-1.9657961,2.427083,-5.8980055,"13. Simon Tg, Joe Diem - Alive (Radio Edit).mp3",HOUSEU Records,1
123.046875,0.5257417,2971.69441221068,-18.219889,68.47926,10.570672,23.759539,11.657676,11.187738,1.0700763,4.0803905,0.43131617,4.6237974,-3.4299502,2.6164,-0.8980821,11. Yvvan Back - Feel The Weight.mp3,HOUSEU Records,4
123.046875,0.54794514,2741.113884137625,-16.832203,68.53552,-2.0717082,20.29162,7.590248,19.070778,5.410833,13.860941,6.0670137,11.788702,2.9557621,7.500406,2.1964157,"08. Dj Vartan, Techcrasher - Down The Drain.mp3",HOUSEU Records,0
123.046875,0.51748616,3123.585511987319,-45.758667,56.87476,8.864401,19.030846,6.4694996,15.538013,4.777166,6.7323804,0.036919467,6.142907,-0.7366611,3.9560077,0.98893374,07. Lefti - Fiya (Radio Edit).mp3,HOUSEU Records,4
123.046875,0.5346024,2993.827677533462,-93.45253,38.31085,21.396345,22.410116,17.658415,19.159283,14.329331,17.251585,10.484589,14.847749,8.351284,5.684598,3.18742,06. Beki M - Alright (Radio Edit).mp3,HOUSEU Records,4
123.046875,0.5259226,3025.703470052289,-82.19344,55.14788,2.2499244,19.697836,-0.98630905,16.604765,-0.45470434,7.960135,-2.0170612,3.119774,0.56334627,2.6991901,-2.5325851,15. Numa A Tfive - Old Good Time.mp3,HOUSEU Records,4
117.45383523,0.379741,2221.616576283608,-86.91495,91.6764,-24.296434,1.173621,-14.401915,0.9058921,2.3617604,4.1428714,-2.0550623,7.162963,2.8268127,4.5835214,-4.4045076,"05. Re-Tide, Mattei & Omich - Bass Culture (Mattei & Omich Re-edit).mp3",HOUSEU Records,3
123.046875,0.47152153,3112.5691286080864,-25.462664,57.726482,-5.289156,26.058449,9.52437,15.53148,-4.861471,0.79507345,-11.900531,4.055446,-2.6415365,2.5101962,-3.1181474,"14. Dj Lora, Abigail Bailey - Moonflower.mp3",HOUSEU Records,4
123.046875,0.5026096,2628.708721071749,-50.875725,58.17232,15.676773,38.65215,19.0405,20.268755,12.497259,14.129934,7.3845797,12.43752,0.81825376,2.230318,-1.4871979,"10. Dino Dz, Ted Funke, Ida Flo - Keep Movin' (Radio Edit).mp3",HOUSEU Records,0
129.19921875,0.49648285,3096.320108685387,-84.99468,42.10147,7.8478374,24.044209,5.8576007,13.675572,1.3197105,3.503566,-5.665919,3.2783499,-5.8611355,-2.0010161,-0.78112566,07. Moreno Pezzolato - Strike It Up.mp3,HOUSEU Records,4
123.046875,0.53995657,3227.615139639881,-66.31601,43.787823,-10.953193,16.739141,-2.0758088,7.6953535,-4.5298357,-1.5259528,-8.088196,-1.4866874,-7.904046,-0.15778472,-2.333252,10. Dj Kone & Marc Palacios - Homecoming.mp3,HOUSEU Records,1
123.046875,0.48316583,2889.8279417335025,-59.588745,54.14591,-7.140356,25.73882,4.290507,10.833471,2.4935212,11.808609,0.13364987,7.9822865,-6.182281,3.0927458,-0.7991375,07. Dj Kone & Marc Palacios - My Feelings (Radio Edit).mp3,HOUSEU Records,4
83.35433468,0.46607667,2782.811073331443,-56.572998,64.56577,2.221498,24.381739,3.8501196,13.469368,-0.32199955,2.8187747,-6.05093,-1.1547177,-3.834526,-2.5346313,-7.1027713,05. Yvvan Back - Cry No More (Dave Delly Remix).mp3,HOUSEU Records,0
83.35433468,0.5380753,2791.506976486786,-59.295387,57.859634,11.433638,23.520279,12.31785,20.632292,14.158519,15.035451,7.467861,8.87494,2.5398176,7.0537305,1.9360034,"08. No Hopes, Gk - Jolly (Radio Edit).mp3",HOUSEU Records,0
123.046875,0.46654397,2239.285105661744,-62.650337,96.52305,16.304287,21.47961,4.7118073,12.815944,2.941307,6.5017643,-1.5783557,10.446154,-1.0977046,2.1351042,-0.8363074,12. Beki M - Daylight (Radio Edit).mp3,HOUSEU Records,3
123.046875,0.46105498,3491.193239776609,1.6742952,56.816757,22.392931,10.061629,3.69289,6.5627637,0.52226746,3.797597,3.0806775,6.7883506,-1.0807155,3.2235734,-3.3988876,07. Beki M - Give Me The Sunlight.mp3,HOUSEU Records,1
123.046875,0.54311067,3036.087400531393,-60.350227,49.69738,21.188417,18.669601,17.586485,25.47513,10.457943,19.313482,9.744772,16.618835,6.4593935,6.4601097,-1.1786871,01. Earth N Days - Tear Me Down.mp3,HOUSEU Records,4
123.046875,0.62013745,3371.470268299712,-181.22362,14.780048,-12.704939,9.28502,-2.188406,7.424457,2.7593315,7.6012645,4.029699,9.116314,3.7880595,7.6461563,3.448055,"02. Mr Jay, Paul Bleasdale - Piano Life.mp3",HOUSEU Records,1
123.046875,0.45966733,2900.3224346591296,-0.29045025,74.77016,-5.005317,14.694138,4.131616,7.9853697,-4.2562733,4.6624565,-7.6256137,1.696022,-6.6693263,3.361135,-1.3602657,"12. DAN-ROS, Jo Paciello, Suki Soul.mp3",HOUSEU Records,4
123.046875,0.57183856,3584.6493906944265,-40.23685,34.455704,33.366615,22.861032,12.966404,22.364534,13.548441,13.645751,3.4231553,10.968314,3.4501352,7.811549,-0.0032344854,14. Beki M - Do It (Radio Edit).mp3,HOUSEU Records,2
123.046875,0.5135066,3019.113721344419,-13.850261,59.6343,-0.30742207,17.3072,5.623901,14.672471,3.3088248,8.188362,-2.7549148,5.7847767,-3.188292,4.11835,-3.8522427,08. Earth N Days - Soulshakin' (Jay Vegas Remix).mp3,HOUSEU Records,4
123.046875,0.49463812,3044.5992751766507,-25.119915,49.365868,11.821736,26.937555,8.859134,20.820759,5.342549,12.617239,-2.9214926,6.7904897,1.0042185,3.8915796,-1.5781657,03. Yvvan Back - Cry No More (Radio Edit).mp3,HOUSEU Records,4
123.046875,0.46498665,2823.197391045152,-11.50216,69.68502,13.093453,12.457292,4.5934596,20.939392,4.44969,9.105889,-0.39938006,5.325151,-5.0182295,0.97893703,-1.9129409,04. Zsak - My God.mp3,HOUSEU Records,0
123.046875,0.5061162,2397.0935567269325,-44.843277,70.97214,-7.24683,12.802561,0.98746663,18.6841,8.17594,11.007531,2.5432231,14.466936,2.0539453,6.943672,-0.9925108,02. Yvvan Back - My Fire (Radio Edit).mp3,HOUSEU Records,3
123.046875,0.5534531,2840.758954697176,-27.915415,64.56017,13.512638,21.672403,11.886218,19.634668,7.8080826,13.155953,5.0415673,14.339507,6.660709,6.848235,0.937095,08. Earth N Days - Together.mp3,HOUSEU Records,4
123.046875,0.508605,3227.513572535727,-49.13053,43.228966,16.15334,21.471209,19.465971,20.823568,9.972335,9.848576,0.6174116,7.8709025,-2.8521535,1.4181179,-1.3604631,05. Zsak - It’s Over (Radio Edit).mp3,HOUSEU Records,1
123.046875,0.49289837,2576.4153066046733,-12.869146,73.58457,2.9601567,25.389048,7.104607,20.251572,1.5070785,5.145346,-5.9648337,2.2646506,-5.1950564,-0.7681089,-3.4847083,"09. Max Pavlov, No Hopes - Fake Control.mp3",HOUSEU Records,0
123.046875,0.5507294,3268.974206565689,-10.468413,48.292736,-3.4404879,13.047324,6.050168,15.724786,6.314385,11.592107,1.9245456,9.42079,3.6538646,5.9418516,-0.5998065,03. Moreno Pezzolato - Bring Me Up (Radio Edit).mp3,HOUSEU Records,1
123.046875,0.5191419,2500.535869161459,-70.805145,67.49415,21.163397,27.173813,9.854445,24.420341,14.884233,16.570627,3.8260977,12.756539,2.0214097,3.5043862,-1.769114,10. Beki M - Gospel.mp3,HOUSEU Records,0
123.046875,0.5259778,3443.7910724602,14.047443,49.01398,2.742157,20.20098,8.648807,11.093755,-0.74710745,9.018957,-3.823834,3.064552,-8.07539,-0.47027513,-4.7677255,01. Earth N Days - The Change (Radio Edit).mp3,HOUSEU Records,1
123.046875,0.4733371,2857.865399616854,-51.02582,47.72689,9.573035,26.435087,12.07077,22.13826,4.603143,8.440947,5.4739933,18.717278,1.2697037,12.932754,0.429477,02. Yvvan Back - Don't Wake Me Up (Radio Edit).mp3,HOUSEU Records,4
123.046875,0.5554829,3393.9903593400845,-57.802475,29.707424,-5.414918,18.853447,4.1468716,16.389027,-0.1310181,5.5111327,-2.3453577,1.6670364,-4.2123494,4.5281644,0.3015273,13. Sinner & James - Down To The Ground (Radio Edit).mp3,HOUSEU Records,1
123.046875,0.44726437,3326.25865563436,-57.179314,29.826208,-26.240576,16.97597,-11.314636,4.5242476,-3.6108713,2.4716847,3.0908105,7.3159823,-8.181973,-2.0503895,-3.4777627,"10. Dj Kone, Marc Palacios - Pick Me Up.mp3",HOUSEU Records,1
123.046875,0.5385086,2659.5282833453925,-52.689724,69.63209,-5.208372,12.907511,13.438117,16.503546,5.257119,7.663258,-1.4948318,6.467102,-0.50285715,3.476418,-0.96573037,06. Ivan Pica - Disco Never Dies (Radio Edit).mp3,HOUSEU Records,0
117.45383523,0.53627163,3363.8094307512965,-31.486881,40.54489,4.002151,22.386108,-2.4692857,15.347075,4.647357,10.920208,3.8963687,11.973118,-0.90661085,5.452947,0.41974717,05. Daniel Dash - Bright Lights (Radio Edit).mp3,HOUSEU Records,1
123.046875,0.5171693,3156.3240142670265,-84.36592,37.977516,6.718139,15.436061,3.8900626,26.860376,1.4803299,12.771645,-1.5810779,8.873022,5.381601,10.803372,-0.30502716,07. Yvvan Back - In My Mind (Radio Edit).mp3,HOUSEU Records,4
123.046875,0.52058697,2733.4081021921725,-45.193737,62.345158,7.8492994,23.274885,16.42454,26.872448,17.255531,21.307606,8.355871,12.379906,4.2872033,5.2533116,1.8157653,"12. Antoine Clamaran, Agua Sin Gas - Everybody Pumpin' (Earth N Days Radio Edit).mp3",HOUSEU Records,0
123.046875,0.52531147,2861.3006313131264,-22.745674,56.945137,11.544104,30.472492,16.542114,27.2872,8.527437,14.649535,5.345743,10.605559,0.22480208,7.115857,2.6830282,01. Earth N Days - Glory.mp3,HOUSEU Records,4
123.046875,0.55503106,3068.080862579688,-79.55031,49.36633,23.461039,27.704842,11.936897,15.817413,-2.011251,9.216945,0.8258234,9.905064,-0.26989558,4.1598353,-2.3349738,08. Beki M - Yeah Yeah.mp3,HOUSEU Records,4
123.046875,0.4740832,3006.272440463253,-35.709244,66.10208,5.6417565,9.88213,2.8307989,13.937404,-0.32775426,7.7380824,-1.2842084,5.610014,-2.1859908,0.6359213,-3.8148754,04. Black Legend Project - Close Your Eyes (Black Legend Remix).mp3,HOUSEU Records,4
123.046875,0.5291065,2967.5272654094106,-61.92923,42.44583,16.878086,25.795557,11.646803,20.935371,8.560677,13.797374,-0.00050944515,3.295957,-3.8344548,2.9008126,-2.9487183,11. Beki M - My Dreams (Radio Edit).mp3,HOUSEU Records,4
123.046875,0.51726836,2806.043482424609,-50.39019,60.919487,16.145142,22.721846,13.823418,22.035355,6.0390635,5.296251,3.7700655,6.482053,-1.5355997,2.2456095,-1.3091499,15. Frank-lo - Funk Up (Radio Edit).mp3,HOUSEU Records,0
123.046875,0.54127336,2842.9931077886886,-30.297422,65.89135,15.367136,25.34247,12.619,15.750064,7.751393,5.3955183,4.004656,12.906525,-1.582394,4.4874597,-0.94609916,02. Mirko & Meex - Take Me Away.mp3,HOUSEU Records,4
123.046875,0.6313456,3294.5238813379674,-60.13213,41.536724,20.512045,25.119022,15.248718,21.433624,7.3926444,12.229234,5.5030355,6.885068,1.50539,6.1250677,-0.1641233,"01. Used Disco, Earth N Days - Hypnotize (Radio Edit).mp3",HOUSEU Records,1
123.046875,0.52579886,3218.753393678768,-47.433376,52.960785,5.9815645,9.233007,-3.6365612,10.480843,4.7320867,1.4283482,1.137532,2.864706,-2.6315503,1.7408967,-2.5777657,09. Sllash & Doppe - Diva.mp3,HOUSEU Records,1
123.046875,0.5281273,2972.774479178132,-22.16817,54.812046,11.099337,32.00442,10.89943,23.727385,8.485074,11.807754,2.4692752,11.739545,-0.31782448,5.388216,-0.428835,"15. Julian Kid, Karmina Dai - Tug Of War (Radio Edit).mp3",HOUSEU Records,4
123.046875,0.46849176,2118.528377872977,-47.094048,99.18641,-12.159272,2.8424194,2.5582416,8.530586,0.071849905,8.827146,-7.6999216,1.5695419,-4.2201285,-0.881263,-1.7793577,"15. Husko, Lee Wilson - I Won't Let Go (Radio Edit).mp3",HOUSEU Records,3
123.046875,0.42260364,3345.2656847148746,-29.067213,46.788784,15.1556,17.467566,5.0405602,10.006521,-3.4202163,-3.1124291,-10.872767,-2.33871,-12.089081,-2.3518298,-5.3271346,11. Danny Rhys - Here For You.mp3,HOUSEU Records,1
123.046875,0.4940465,3286.6927132092173,-27.895203,45.473076,17.035751,17.562115,5.1599975,13.5066,3.015029,6.962662,-0.34898427,9.601814,-1.0781564,0.46995643,-3.7278168,12. Davide Mazzilli - Sunset.mp3,HOUSEU Records,1
123.046875,0.47637254,2813.249661462086,-81.55139,49.507854,13.468399,39.18311,18.613876,32.771152,10.868769,17.80441,7.4245963,14.968443,3.1527295,7.3694897,3.2990136,15. Kpd - To My Beat (Radio Edit).mp3,HOUSEU Records,0
123.046875,0.54184014,2826.969016255122,-43.180305,63.932976,20.67635,17.40917,5.69935,19.582441,6.3845387,5.8069253,-1.2081109,8.460163,1.8298215,4.785153,0.6415188,01. Earth N Days - Everything (Radio Edit).mp3,HOUSEU Records,0
123.046875,0.48283085,3713.2421816119336,-33.725098,31.626215,-5.457176,5.975074,-4.477473,-0.13691565,-3.388909,-0.4442545,-8.450987,-1.7567233,-2.488747,1.6648576,-3.1927211,09. FDF (Italy) - Free My Soul.mp3,HOUSEU Records,2
123.046875,0.5020588,3253.252814608335,-50.022377,46.88165,9.319738,16.244791,6.9287963,10.227296,1.220902,7.588193,-3.804812,1.0695643,-3.915723,-1.8187728,-7.2520833,"13. Dino Dz, Ted Funke - What's That Called (Radio Edit).mp3",HOUSEU Records,1
123.046875,0.4548168,3090.478361092348,-48.638878,46.58046,-3.0478032,10.203886,-8.073945,12.279318,-5.0944114,-0.52737814,-7.353747,-0.8803486,-6.1398425,-6.0158944,-7.1985292,03. Cassimm - Down To Me (Radio Edit).mp3,HOUSEU Records,4
123.046875,0.45118612,2364.9762937614387,-63.088356,80.79282,-5.0812817,35.040997,-2.0522485,15.009946,2.483755,4.6082525,-2.885888,2.1004128,-7.538745,-3.940934,-6.0310826,04. Babert - When House Music Is Born (Radio Edit).mp3,HOUSEU Records,3
123.046875,0.52078277,2888.3937766192485,-27.32388,50.767536,-9.019909,27.693457,8.947186,24.071512,5.4171333,9.094721,-1.6819319,8.261507,0.65415776,3.2827065,-1.8232354,03. Cassimm - Down To Me (Yvvan Back Remix).mp3,HOUSEU Records,4
123.046875,0.5551084,3764.420886210127,3.367659,33.93422,3.2108574,14.182366,-0.97266835,2.0461264,-3.371976,2.363843,-7.362916,-0.74107146,-5.3321524,-1.7554712,-6.0615296,"12. Yvvan Back, David Novacek - Anyone Candy (Radio Edit).mp3",HOUSEU Records,2
123.046875,0.46083608,2402.7935335453326,-120.6325,84.02595,-4.30733,11.909265,6.9036674,6.2998,-6.287753,2.5212507,-11.707029,-6.2987328,-8.8684225,-4.5965157,-11.710669,"11. Amorhouse, Tonix - Feel The Love.mp3",HOUSEU Records,3
123.046875,0.49288273,2583.6811000652583,-66.215485,67.576935,-17.087383,23.783361,6.854359,10.424508,4.997307,6.845484,-5.0566707,1.3557711,-4.211457,-1.0700208,-6.4417825,"08. D'vision, Dzialach, Alex Inc - Funky Time (Radio Edit).mp3",HOUSEU Records,0
123.046875,0.50619066,2876.039098696303,-18.20699,62.467022,16.304352,19.619108,9.867668,17.979704,9.248295,17.536495,5.2162895,9.773946,2.8272257,5.967966,3.0838983,"06. Kurd Maverick, Earth N Days - Crazy About You.mp3",HOUSEU Records,4
83.35433468,0.5372656,2924.772553365398,-2.1336365,70.57653,3.43311,25.623077,9.858815,15.538019,0.054958474,6.7400756,-1.0968657,6.192167,-1.2237849,5.1001043,0.14523146,03. Zsak - Give Me Your Love.mp3,HOUSEU Records,4
123.046875,0.51390344,3075.722218518992,-17.999855,57.480843,2.3763833,18.774776,15.304875,14.523032,6.860916,10.448974,0.3114112,1.1258165,-4.1522875,-0.06429572,-6.6234307,10. Sinner & James - U Got Me (Radio Edit).mp3,HOUSEU Records,4
123.046875,0.47938567,2588.096880801996,-84.5026,67.382744,24.175406,31.620682,8.103272,16.161835,-4.5643344,5.2829375,-3.1426077,2.9781163,-1.1736512,3.639894,-3.4412675,10. Peter Brown - Samba Soul (Radio Edit).mp3,HOUSEU Records,0
123.046875,0.50680494,2727.979672411207,-59.812572,67.37815,30.44786,21.734789,4.994657,10.170535,-1.557839,3.1390693,4.3771143,15.934685,10.432423,12.949235,5.2997785,05. Juan Diaz - Time To Jack.mp3,HOUSEU Records,0
123.046875,0.45151106,2124.963672819721,-94.3458,99.24066,-15.144314,9.8776245,4.471381,21.515738,2.353104,-1.2910428,-10.370071,5.5094614,1.1162044,3.1724584,-1.5465955,14. Earth N Days - Everything (Roog's Discofied Radio Edit).mp3,HOUSEU Records,3
123.046875,0.4441976,2539.529865778424,-39.99278,89.531586,-6.2878857,9.741023,-1.5141473,4.82256,-4.564177,-0.93885183,-7.6003227,0.46103463,-6.433453,-3.9727242,-7.9951415,11. Zsak - Feel The Love (Radio Edit).mp3,HOUSEU Records,0
83.35433468,0.550256,3298.8318766271805,-119.12673,23.590212,29.007936,41.016117,10.544255,23.00979,8.2003,15.941138,1.5762267,7.8770304,-2.8986,4.360388,-1.6058421,03. Hotswing - People.mp3,HOUSEU Records,1
123.046875,0.52208644,2839.555271542348,-36.49859,66.569466,6.4298644,20.836802,9.152734,14.344481,1.8297217,7.427661,-1.3590143,7.8818736,-0.8805482,2.8059685,-0.36232293,03. Zsak - Say My Name.mp3,HOUSEU Records,4
123.046875,0.616826,3387.565248309637,-45.7196,44.73922,29.337543,23.97507,4.0703926,15.391009,1.7364227,14.564681,1.2309953,8.386276,1.3132575,8.354518,3.98418,04. Peter Brown - Let's Get Together.mp3,HOUSEU Records,1
123.046875,0.48267984,2852.997021860542,-25.494839,60.81659,12.624946,18.078325,6.561566,17.587818,8.3087015,13.67189,2.5344791,10.873427,-0.15980408,6.2888136,2.8263733,04. Zsak - Feel The Heat.mp3,HOUSEU Records,4
123.046875,0.5014273,3144.291816319133,-34.403088,46.23587,6.2396674,16.59744,4.5437784,15.903586,1.9836396,10.870853,-1.3246304,6.7040343,2.6563344,7.531984,-0.4239672,09. Magonyi L - Bring It Back (Radio Edit).mp3,HOUSEU Records,4
123.046875,0.5164009,3367.333907370599,-13.263427,51.812054,1.7216765,11.91846,-2.8134735,4.8150973,-7.274772,-0.823735,-6.732625,0.103648186,-8.218604,-3.8931975,-7.5301237,"04. Alonso, Alexander Som - I Got (Radio Edit).mp3",HOUSEU Records,1
123.046875,0.5234265,3704.374553524712,-19.350365,29.927105,11.697106,20.94975,11.202869,18.712248,3.2111628,9.50365,-0.96050286,4.6943536,0.129157,3.623355,-3.292166,14. Dzialach - Get On The Floor (Radio Edit).mp3,HOUSEU Records,2
123.046875,0.4604994,2212.5911968514133,-101.13013,90.71778,3.1295216,14.33021,4.229036,20.91539,-5.9117293,7.853354,0.34982556,7.114202,0.22513545,5.7430267,-1.0822582,14. Numa A Tfive - Oh Lord (Radio Edit).mp3,HOUSEU Records,3
123.046875,0.5424806,3127.278106226642,-66.70287,61.01332,29.308678,22.522806,7.3798876,17.600983,4.4030023,6.0224247,-2.4253607,5.432547,-2.6009707,2.788581,-4.014132,04. Babert - What You Waiting For (Radio Edit).mp3,HOUSEU Records,4
123.046875,0.53862154,2512.728546176757,-71.32126,72.53997,15.973227,37.19535,9.752031,21.54946,5.3300138,15.433656,3.2837973,9.666582,-2.1663835,2.48617,-2.120882,10. Mattei & Omich - Stand Up.mp3,HOUSEU Records,0
129.19921875,0.50508237,2904.3462245008054,-36.916275,61.044426,16.002977,24.55533,10.114101,16.395304,6.357432,13.186191,2.0042899,10.429966,1.8067249,4.714383,-1.2798069,13. Laurent Simeca - Friday Night.mp3,HOUSEU Records,4
129.19921875,0.5075108,2713.6864345522004,-4.8736362,79.47411,19.867167,22.710384,-1.6776543,22.296041,2.002314,6.489879,-1.230704,6.261234,-0.18787466,4.2918324,-1.8189678,"06. Max Muller, Dan Corco - This Is It.mp3",HOUSEU Records,0
123.046875,0.46796247,2844.668636862319,-48.72148,71.3528,7.7760143,5.1137376,-0.4050996,6.6636643,-0.7852985,1.7733347,-4.9966493,4.8263655,-3.2627056,3.6281655,-2.9354281,07. Dj Kone & Marc Palacios - The Right One (Radio Edit).mp3,HOUSEU Records,4
123.046875,0.58998907,2739.0879629643264,-35.090115,57.518402,13.117629,31.460838,16.161179,30.246672,12.313724,16.933962,5.616261,13.301344,5.4485526,9.178221,3.2363198,"05. Lefti, N2n, Rion S - See What I See.mp3",HOUSEU Records,0
123.046875,0.5399929,3004.942716798778,-9.910167,55.152573,15.654865,26.11697,11.1539345,23.387054,9.473633,13.857735,2.1636577,13.610605,4.394757,8.837307,0.56559366,01. Earth N Days - Burnin' Up (Radio Edit).mp3,HOUSEU Records,4
123.046875,0.4481322,2462.6438566475786,-52.727615,89.43859,4.5613427,3.9363651,2.7853696,9.706498,-2.3581283,3.978039,-5.9436116,4.1893773,-1.2841107,1.8320242,-4.654384,"06. Rich Furniss, Andrew Charles - All My Love.mp3",HOUSEU Records,3
123.046875,0.5050399,2688.579454804433,-55.89696,70.35292,15.251613,23.789984,12.908484,19.785713,5.678462,13.033038,0.5464058,9.017806,0.23600122,6.627709,-0.3009512,"02. Babert, Zsak - Friday Night.mp3",HOUSEU Records,0
123.046875,0.5028373,3096.695502855873,-49.47179,49.91211,16.84323,23.167282,-0.82094777,22.182995,-0.7604257,5.2013803,-6.202365,5.6905665,1.349921,7.257037,1.3082173,"08. Andrey Exx, Sergey Xs - One Love (Radio Edit).mp3",HOUSEU Records,4
123.046875,0.55507225,2664.055630760927,-45.655373,68.02538,23.363466,28.868866,12.130894,19.706327,12.143133,14.706235,6.5002465,12.339391,1.5611572,7.456118,1.6255729,12. Mirko & Meex - I Know.mp3,HOUSEU Records,0
123.046875,0.5096525,3134.68401398672,-28.117115,41.637337,10.773399,21.21643,11.152324,22.155918,8.32389,16.618837,3.4585214,10.81386,1.825396,5.174524,-2.829455,"09. Killed Kassette, Shawnee Taylor - This Ain't Love (Zsak Remix).mp3",HOUSEU Records,4
83.35433468,0.5353961,3903.308309754773,-31.11944,29.83273,16.523802,15.970639,0.6855475,10.140736,-4.343401,6.698113,-4.6176357,0.4031285,-4.9559135,-2.236627,-4.671588,"13. Joe Diem, Roger Vich, Aitor Pastor - Can't Stop The Feeling (Radio Edit).mp3",HOUSEU Records,2
123.046875,0.5302854,2998.046956837248,-54.84005,45.19028,32.18337,28.698019,13.742991,24.81744,7.8506417,13.761156,6.2176714,9.882852,0.15331458,5.0201755,-2.0634096,11. Freiboitar - Never Been That High (Radio Edit).mp3,HOUSEU Records,4
123.046875,0.506843,3444.1766329282987,-43.619793,45.932507,26.699406,23.435774,10.1369,19.226562,4.8023095,5.6536,-3.5251026,4.567695,-1.8485627,0.3712625,-5.339987,13. Orson Welsh - Who’s Got Ya Number (Radio Edit).mp3,HOUSEU Records,1
123.046875,0.41919258,3269.903577334138,-11.124974,55.27021,-0.9346538,16.325201,-5.54549,6.4594173,-5.9339733,4.271897,-10.234638,2.1035392,-5.998668,-3.3665745,-7.7061863,"15. Adam Twelve, Deeprule, Nathalie Miranda - All I Need (Radio Edit).mp3",HOUSEU Records,1
123.046875,0.53568953,3343.725225090805,-37.103325,46.807987,14.598041,22.610062,7.77789,20.826874,3.7735524,9.267576,2.9525743,7.2946854,-2.7305079,1.199641,-2.983569,14. Tomy Montana - Alright.mp3,HOUSEU Records,1
123.046875,0.53760284,2684.275975283512,-29.574146,69.117195,1.2571279,15.740743,4.080664,19.960323,11.317411,14.560727,2.554926,5.409895,-4.992514,-0.81691873,-4.3186917,06. Earth N Days - I Wanna Know (Radio Edit).mp3,HOUSEU Records,0
123.046875,0.53701437,3207.6394214822126,-19.798395,43.8836,10.869967,20.067972,13.721249,25.092173,10.060873,15.099803,1.1064544,6.5241375,-0.09745349,6.4348464,0.84902793,09. Earth N Days - Let The Groove (Radio Edit).mp3,HOUSEU Records,1
123.046875,0.4974836,3202.396641869964,-11.8392515,46.660748,-1.5699406,19.826714,3.2739575,15.474335,2.707086,9.779034,0.61976695,6.6534133,-4.9469028,1.2793415,-0.8123668,02. Earth N Days - Wait A Minute.mp3,HOUSEU Records,1
83.35433468,0.45205894,3482.5807668300995,-25.942585,55.679928,13.1238575,16.168139,-3.3182895,10.092871,-2.0151618,5.033464,-5.0492907,1.0364293,-2.5784273,4.045959,-2.6804397,"09. Killed Kassette, Shawnee Taylor - This Ain't Love (Radio Edit).mp3",HOUSEU Records,1
123.046875,0.52623814,3052.394351707313,-45.798847,48.683914,5.119102,38.356358,13.041644,18.287844,-0.1748266,6.282844,-0.73167765,0.31507593,-4.036,5.343769,-1.4381304,12. Maxim Andreev - Greatest Dancer.mp3,HOUSEU Records,4
123.046875,0.49940112,2472.806596859105,-80.47303,67.956375,23.21069,33.924797,18.95512,21.621288,10.681702,17.675688,1.3067384,10.4653635,4.6496787,6.2496467,-3.0191588,"02. Cassimm, Nagem - Like I Do (Kevin Mckay Remix).mp3",HOUSEU Records,3
123.046875,0.5302776,3048.449359270146,-44.514305,55.422176,10.971874,28.064728,8.98316,17.383793,6.4062085,12.078473,3.5388772,13.217097,2.0791602,4.936423,-3.4930692,06. Roog - My Lovin'.mp3,HOUSEU Records,4
123.046875,0.51533425,3101.216093537078,-63.87899,34.401768,-1.8703606,25.893158,10.481257,22.620804,6.715081,11.305297,2.848603,9.677214,1.1202805,0.15235549,-4.23699,"01. Cassimm, Nagem - Like I Do.mp3",HOUSEU Records,4
